36.72955598,    127.44082475
36.72955776,    127.44082442
36.72955952,    127.44082409
36.72956129,    127.44082377
36.72956306,    127.44082345
36.72956484,    127.44082312
36.7295666, 127.4408228
36.72956836,    127.44082249
36.72957012,    127.44082217
36.72957187,    127.44082186
36.72957362,    127.44082155
36.72957538,    127.44082125
36.72957714,    127.44082094
36.72957891,    127.44082064
36.72958067,    127.44082036
36.72958243,    127.44082008
36.72958421,    127.44081977
36.72958598,    127.44081945
36.72958776,    127.44081914
36.72958954,    127.44081884
36.72959131,    127.44081854
36.72959308,    127.44081824
36.72959484,    127.44081793
36.72959659,    127.44081763
36.72959838,    127.44081735
36.72960015,    127.44081706
36.72960191,    127.44081673
36.72960367,    127.44081642
36.72960544,    127.44081616
36.72960722,    127.44081589
36.72960898,    127.4408156
36.72961075,    127.44081528
36.72961252,    127.44081491
36.72961428,    127.44081457
36.72961604,    127.44081427
36.72961781,    127.44081397
36.72961957,    127.44081367
36.72962134,    127.44081337
36.72962312,    127.44081306
36.72962489,    127.44081275
36.72962667,    127.44081245
36.72962844,    127.44081214
36.72963022,    127.44081183
36.72963198,    127.44081152
36.72963376,    127.44081121
36.72963555,    127.4408109
36.72963732,    127.4408106
36.72963907,    127.44081029
36.72964085,    127.44080997
36.72964261,    127.44080966
36.72964438,    127.44080935
36.72964614,    127.44080904
36.72964789,    127.44080872
36.72964966,    127.44080841
36.72965143,    127.44080811
36.72965319,    127.4408078
36.72965497,    127.44080749
36.72965675,    127.44080718
36.72965853,    127.44080686
36.7296603, 127.4408066
36.72966206,    127.44080635
36.72966381,    127.44080603
36.72966558,    127.44080564
36.72966734,    127.44080532
36.72966911,    127.44080503
36.72967087,    127.44080473
36.72967262,    127.44080442
36.72967439,    127.44080412
36.72967616,    127.44080382
36.72967792,    127.44080352
36.72967968,    127.44080322
36.72968144,    127.44080291
36.72968319,    127.44080261
36.72968498,    127.44080231
36.72968674,    127.44080201
36.72968851,    127.44080171
36.72969028,    127.44080141
36.72969206,    127.44080111
36.72969382,    127.44080081
36.72969559,    127.4408005
36.72969737,    127.44080021
36.72969913,    127.44080001
36.72970091,    127.44079976
36.72970266,    127.44079937
36.72970442,    127.44079901
36.72970619,    127.44079872
36.72970798,    127.44079842
36.72970973,    127.44079812
36.72971152,    127.44079782
36.72971329,    127.44079752
36.72971508,    127.44079722
36.72971683,    127.44079692
36.72971861,    127.44079662
36.72972039,    127.44079632
36.72972214,    127.44079603
36.72972393,    127.44079572
36.7297257, 127.44079542
36.72972745,    127.44079513
36.72972922,    127.44079482
36.72973098,    127.44079453
36.72973275,    127.44079433
36.72973453,    127.44079416
36.72973629,    127.4407938
36.72973802,    127.44079332
36.72973981,    127.440793
36.72974157,    127.44079272
36.72974335,    127.44079241
36.72974511,    127.44079211
36.72974689,    127.4407918
36.72974867,    127.4407915
36.72975042,    127.44079119
36.72975219,    127.44079089
36.72975396,    127.44079059
36.72975572,    127.44079028
36.72975751,    127.44078998
36.72975926,    127.44078967
36.72976102,    127.44078937
36.72976281,    127.44078905
36.72976459,    127.44078872
36.72976638,    127.44078847
36.72976813,    127.44078826
36.72976989,    127.44078795
36.72977166,    127.44078755
36.72977343,    127.44078723
36.7297752, 127.44078694
36.72977696,    127.4407867
36.72977873,    127.44078647
36.72978048,    127.4407861
36.72978222,    127.44078568
36.729784,  127.44078535
36.72978578,    127.44078505
36.72978757,    127.4407848
36.72978936,    127.44078455
36.72979114,    127.44078423
36.72979288,    127.4407839
36.72979463,    127.44078355
36.72979641,    127.44078321
36.72979817,    127.4407829
36.72979994,    127.4407826
36.7298017, 127.4407823
36.72980348,    127.44078199
36.72980526,    127.44078168
36.72980703,    127.44078138
36.7298088, 127.44078108
36.72981056,    127.44078077
36.72981234,    127.44078047
36.7298141, 127.44078017
36.72981588,    127.44077986
36.72981767,    127.44077955
36.72981945,    127.44077924
36.72982123,    127.44077892
36.729823,  127.4407786
36.72982478,    127.44077836
36.72982656,    127.44077817
36.72982831,    127.44077785
36.72983006,    127.44077742
36.72983182,    127.44077708
36.72983361,    127.44077679
36.72983538,    127.44077648
36.72983714,    127.44077618
36.72983889,    127.44077587
36.72984065,    127.44077557
36.72984243,    127.44077526
36.72984421,    127.44077495
36.72984598,    127.44077461
36.72984776,    127.4407743
36.72984952,    127.44077415
36.7298513, 127.44077399
36.72985307,    127.44077356
36.72985479,    127.44077309
36.72985656,    127.44077279
36.72985833,    127.44077254
36.72986009,    127.44077229
36.72986184,    127.440772
36.72986361,    127.44077161
36.72986538,    127.44077123
36.72986716,    127.44077093
36.72986894,    127.44077061
36.7298707, 127.4407703
36.72987247,    127.44076999
36.72987424,    127.44076968
36.72987602,    127.44076936
36.72987778,    127.44076905
36.72987954,    127.44076875
36.7298813, 127.44076844
36.72988307,    127.44076813
36.72988485,    127.44076782
36.72988661,    127.44076751
36.72988839,    127.4407672
36.72989017,    127.44076689
36.72989193,    127.44076658
36.72989372,    127.44076627
36.72989549,    127.44076596
36.72989725,    127.44076565
36.72989902,    127.44076534
36.7299008, 127.44076503
36.72990256,    127.44076473
36.72990432,    127.44076442
36.7299061, 127.44076412
36.72990786,    127.44076381
36.72990962,    127.44076351
36.72991138,    127.4407632
36.72991315,    127.4407629
36.72991491,    127.4407626
36.72991666,    127.44076228
36.72991843,    127.44076197
36.72992022,    127.44076174
36.72992201,    127.44076154
36.72992377,    127.4407612
36.72992551,    127.44076077
36.72992728,    127.44076045
36.72992906,    127.44076017
36.72993081,    127.44075988
36.7299326, 127.44075957
36.72993435,    127.44075927
36.72993614,    127.44075897
36.72993791,    127.44075867
36.72993967,    127.44075837
36.72994144,    127.44075806
36.7299432, 127.44075778
36.72994498,    127.44075753
36.72994675,    127.4407573
36.7299485, 127.44075707
36.72995028,    127.44075678
36.72995202,    127.44075636
36.72995378,    127.44075598
36.72995555,    127.44075569
36.72995732,    127.4407554
36.72995908,    127.44075511
36.72996083,    127.44075481
36.72996261,    127.44075452
36.72996439,    127.44075423
36.72996617,    127.44075394
36.72996794,    127.44075364
36.7299697, 127.44075334
36.72997146,    127.4407531
36.72997323,    127.44075288
36.72997501,    127.44075258
36.72997676,    127.44075223
36.72997853,    127.44075192
36.72998029,    127.44075162
36.72998206,    127.44075133
36.72998383,    127.44075105
36.7299856, 127.44075077
36.72998738,    127.44075048
36.72998916,    127.4407502
36.72999092,    127.44074992
36.72999267,    127.44074964
36.72999444,    127.44074936
36.72999619,    127.44074909
36.72999795,    127.44074881
36.72999971,    127.44074853
36.73000146,    127.44074826
36.73000322,    127.44074798
36.730005,  127.4407477
36.73000677,    127.44074742
36.73000855,    127.44074714
36.73001031,    127.44074687
36.7300121, 127.44074659
36.73001388,    127.44074631
36.73001566,    127.44074604
36.73001743,    127.44074577
36.73001921,    127.4407455
36.73002097,    127.44074523
36.73002276,    127.44074496
36.73002453,    127.44074468
36.73002629,    127.44074441
36.73002807,    127.44074413
36.73002985,    127.44074389
36.73003163,    127.44074368
36.73003338,    127.44074343
36.73003515,    127.44074313
36.73003692,    127.44074283
36.73003869,    127.44074253
36.73004047,    127.44074225
36.73004224,    127.44074199
36.73004403,    127.44074172
36.73004579,    127.44074146
36.73004758,    127.44074118
36.73004934,    127.44074092
36.7300511, 127.44074065
36.73005289,    127.44074038
36.73005467,    127.44074011
36.73005645,    127.44073984
36.73005824,    127.44073957
36.73006003,    127.4407393
36.7300618, 127.44073903
36.73006356,    127.44073877
36.73006532,    127.4407385
36.73006711,    127.44073823
36.73006888,    127.44073796
36.73007065,    127.44073769
36.7300724, 127.44073742
36.73007418,    127.44073714
36.73007596,    127.44073687
36.73007773,    127.44073659
36.73007949,    127.44073632
36.73008125,    127.44073604
36.73008303,    127.44073576
36.73008479,    127.44073549
36.73008655,    127.44073526
36.73008832,    127.440735
36.73009009,    127.44073468
36.73009185,    127.44073436
36.73009363,    127.44073407
36.7300954, 127.44073378
36.73009719,    127.44073348
36.73009896,    127.44073319
36.73010072,    127.44073289
36.73010247,    127.44073259
36.73010425,    127.44073229
36.73010603,    127.44073198
36.73010781,    127.44073167
36.73010957,    127.44073137
36.73011135,    127.44073106
36.73011313,    127.44073076
36.73011489,    127.44073045
36.73011666,    127.44073014
36.73011843,    127.44072982
36.7301202, 127.44072953
36.73012196,    127.44072928
36.73012374,    127.44072896
36.73012551,    127.44072856
36.73012729,    127.4407282
36.73012903,    127.44072788
36.7301308, 127.44072753
36.73013256,    127.44072718
36.73013434,    127.44072688
36.73013611,    127.4407266
36.73013787,    127.44072624
36.7301396, 127.44072582
36.73014136,    127.44072541
36.73014311,    127.440725
36.73014487,    127.4407246
36.73014662,    127.4407242
36.73014837,    127.44072381
36.73015014,    127.4407234
36.73015187,    127.4407229
36.73015361,    127.44072233
36.73015534,    127.44072183
36.7301571, 127.44072134
36.73015884,    127.44072083
36.73016058,    127.44072028
36.73016228,    127.44071964
36.73016397,    127.44071894
36.73016568,    127.44071825
36.73016738,    127.44071755
36.73016908,    127.44071681
36.73017075,    127.44071603
36.73017243,    127.44071521
36.73017408,    127.44071434
36.73017572,    127.44071344
36.73017735,    127.44071249
36.73017895,    127.4407115
36.73018052,    127.44071048
36.7301821, 127.44070941
36.73018365,    127.44070829
36.73018515,    127.44070712
36.73018663,    127.4407059
36.7301881, 127.44070462
36.73018953,    127.44070331
36.73019092,    127.44070195
36.73019228,    127.44070054
36.73019362,    127.44069908
36.73019491,    127.44069758
36.73019618,    127.44069604
36.73019743,    127.44069443
36.73019863,    127.4406928
36.73019979,    127.44069113
36.7302009, 127.44068939
36.730202,  127.44068764
36.73020313,    127.44068591
36.7302042, 127.44068413
36.7302051, 127.4406822
36.73020593,    127.44068025
36.7302068, 127.44067831
36.73020765,    127.44067635
36.73020842,    127.44067437
36.73020916,    127.44067234
36.7302099, 127.44067033
36.73021055,    127.44066828
36.73021107,    127.44066616
36.73021155,    127.44066402
36.73021199,    127.44066186
36.73021238,    127.44065969
36.7302127, 127.44065752
36.73021295,    127.44065535
36.73021315,    127.44065313
36.73021327,    127.4406509
36.73021332,    127.4406487
36.73021332,    127.4406465
36.73021324,    127.4406443
36.73021314,    127.4406421
36.73021299,    127.44063991
36.7302128, 127.44063772
36.73021262,    127.44063553
36.73021241,    127.44063331
36.73021217,    127.44063111
36.73021189,    127.44062892
36.73021161,    127.44062672
36.73021132,    127.44062453
36.73021103,    127.44062234
36.73021073,    127.44062013
36.73021042,    127.44061793
36.73021013,    127.44061572
36.73020984,    127.44061354
36.73020955,    127.44061134
36.73020922,    127.44060917
36.73020893,    127.440607
36.7302087, 127.4406048
36.73020846,    127.4406026
36.73020814,    127.4406004
36.73020783,    127.44059821
36.73020756,    127.44059602
36.73020732,    127.44059383
36.73020712,    127.44059162
36.73020689,    127.44058943
36.73020664,    127.44058725
36.73020637,    127.44058506
36.7302061, 127.44058285
36.73020585,    127.44058066
36.7302056, 127.44057847
36.73020537,    127.44057629
36.73020511,    127.44057408
36.73020486,    127.4405719
36.73020461,    127.4405697
36.73020436,    127.44056748
36.73020411,    127.44056529
36.73020387,    127.44056311
36.73020363,    127.44056092
36.73020339,    127.44055874
36.73020314,    127.44055653
36.7302029, 127.44055435
36.73020265,    127.44055216
36.73020242,    127.44054997
36.73020217,    127.44054777
36.73020192,    127.44054557
36.73020166,    127.44054337
36.73020142,    127.44054117
36.73020119,    127.44053897
36.73020095,    127.44053679
36.73020071,    127.44053457
36.73020047,    127.44053238
36.73020024,    127.44053017
36.7302,    127.44052796
36.73019976,    127.44052576
36.73019953,    127.44052355
36.73019929,    127.44052135
36.73019906,    127.44051917
36.73019884,    127.44051698
36.73019861,    127.44051477
36.73019838,    127.44051255
36.73019817,    127.44051033
36.73019796,    127.44050811
36.73019775,    127.4405059
36.73019753,    127.44050369
36.73019732,    127.44050148
36.73019711,    127.44049926
36.73019693,    127.44049708
36.73019675,    127.44049487
36.73019655,    127.44049266
36.73019637,    127.44049045
36.7301962, 127.44048823
36.73019603,    127.440486
36.73019584,    127.4404838
36.73019567,    127.44048158
36.73019551,    127.44047935
36.73019537,    127.44047712
36.73019522,    127.4404749
36.73019508,    127.44047268
36.73019494,    127.44047046
36.7301948, 127.44046826
36.73019466,    127.44046603
36.73019454,    127.44046383
36.73019442,    127.4404616
36.7301943, 127.4404594
36.73019419,    127.44045719
36.73019408,    127.44045497
36.73019398,    127.44045274
36.73019387,    127.44045053
36.73019378,    127.44044831
36.7301937, 127.44044611
36.73019362,    127.44044389
36.73019354,    127.44044166
36.73019347,    127.44043943
36.7301934, 127.44043721
36.73019335,    127.44043501
36.73019329,    127.44043279
36.73019323,    127.44043059
36.7301932, 127.44042837
36.73019316,    127.44042613
36.73019314,    127.44042392
36.73019312,    127.4404217
36.73019311,    127.44041948
36.7301931, 127.44041726
36.7301931, 127.44041504
36.73019311,    127.44041284
36.73019313,    127.4404106
36.73019315,    127.44040839
36.7301932, 127.44040616
36.73019327,    127.44040395
36.73019331,    127.44040174
36.73019333,    127.44039951
36.73019338,    127.4403973
36.73019346,    127.44039509
36.73019355,    127.44039286
36.73019364,    127.44039064
36.73019375,    127.44038842
36.73019386,    127.44038619
36.73019398,    127.440384
36.7301941, 127.44038179
36.73019422,    127.44037959
36.73019438,    127.44037738
36.73019456,    127.44037515
36.73019475,    127.44037295
36.73019491,    127.44037073
36.73019507,    127.44036854
36.73019527,    127.44036632
36.73019549,    127.44036411
36.73019571,    127.44036192
36.73019596,    127.44035975
36.73019623,    127.44035757
36.7301965, 127.44035537
36.73019679,    127.4403532
36.7301971, 127.44035103
36.73019743,    127.44034886
36.73019778,    127.44034669
36.73019814,    127.44034453
36.73019852,    127.44034236
36.73019891,    127.4403402
36.73019936,    127.44033805
36.73019989,    127.44033592
36.73020038,    127.44033378
36.73020079,    127.44033163
36.73020126,    127.44032948
36.73020179,    127.44032736
36.73020234,    127.44032525
36.7302029, 127.44032316
36.73020349,    127.44032106
36.7302041, 127.44031899
36.73020475,    127.44031694
36.73020542,    127.44031489
36.73020612,    127.44031284
36.73020685,    127.4403108
36.7302076, 127.44030878
36.73020838,    127.44030676
36.73020925,    127.44030485
36.73021023,    127.44030298
36.73021109,    127.44030106
36.7302119, 127.44029906
36.73021271,    127.44029711
36.73021356,    127.44029515
36.7302145, 127.44029324
36.73021549,    127.44029139
36.73021652,    127.4402896
36.73021758,    127.44028781
36.73021856,    127.44028597
36.73021956,    127.44028411
36.73022062,    127.44028232
36.73022172,    127.44028055
36.73022281,    127.44027881
36.73022392,    127.44027708
36.73022506,    127.44027538
36.73022621,    127.44027367
36.73022736,    127.44027199
36.73022855,    127.44027032
36.73022975,    127.44026866
36.73023094,    127.44026703
36.73023214,    127.4402654
36.73023338,    127.4402638
36.73023467,    127.44026228
36.73023596,    127.44026071
36.73023716,    127.44025906
36.73023838,    127.44025745
36.73023963,    127.44025591
36.7302409, 127.44025437
36.73024218,    127.44025282
36.73024348,    127.44025128
36.73024479,    127.44024976
36.7302461, 127.44024822
36.73024738,    127.44024665
36.73024872,    127.44024518
36.73025013,    127.44024382
36.73025138,    127.44024224
36.73025249,    127.4402405
36.73025377,    127.44023899
36.73025518,    127.44023767
36.73025642,    127.44023611
36.73025753,    127.44023435
36.73025871,    127.44023271
36.73025998,    127.44023116
36.73026124,    127.44022958
36.73026248,    127.44022801
36.73026373,    127.44022641
36.73026496,    127.44022483
36.7302662, 127.44022321
36.73026741,    127.44022159
36.73026862,    127.44021996
36.73026983,    127.44021831
36.73027103,    127.44021665
36.73027221,    127.44021501
36.73027339,    127.44021335
36.73027456,    127.44021167
36.73027572,    127.44020999
36.73027685,    127.4402083
36.73027799,    127.44020658
36.73027913,    127.44020484
36.73028022,    127.4402031
36.73028133,    127.44020138
36.73028257,    127.44019976
36.73028374,    127.4401981
36.73028465,    127.44019621
36.73028558,    127.4401943
36.73028678,    127.44019267
36.73028795,    127.44019098
36.73028878,    127.44018902
36.73028959,    127.44018706
36.73029056,    127.44018522
36.73029155,    127.44018337
36.73029249,    127.44018148
36.73029342,    127.44017958
36.73029434,    127.44017768
36.73029523,    127.44017576
36.73029611,    127.44017383
36.73029697,    127.44017187
36.73029781,    127.4401699
36.73029864,    127.44016791
36.73029944,    127.44016594
36.73030021,    127.44016396
36.73030096,    127.44016195
36.7303017, 127.44015992
36.73030241,    127.44015787
36.73030316,    127.44015588
36.73030399,    127.44015392
36.73030464,    127.44015186
36.73030513,    127.44014974
36.73030569,    127.44014766
36.73030631,    127.44014556
36.73030689,    127.44014347
36.73030744,    127.44014137
36.73030798,    127.44013924
36.7303085, 127.4401371
36.73030898,    127.44013495
36.73030944,    127.44013282
36.73030995,    127.4401307
36.73031048,    127.4401286
36.73031084,    127.44012642
36.7303111, 127.44012424
36.73031143,    127.44012205
36.73031178,    127.44011989
36.73031208,    127.44011769
36.73031237,    127.4401155
36.73031269,    127.4401133
36.73031299,    127.44011111
36.73031317,    127.44010889
36.73031333,    127.44010669
36.73031351,    127.44010449
36.73031369,    127.44010226
36.7303138, 127.44010005
36.73031388,    127.44009784
36.73031397,    127.44009564
36.73031406,    127.44009344
36.73031412,    127.44009122
36.73031417,    127.44008899
36.7303142, 127.44008679
36.73031422,    127.44008456
36.73031422,    127.44008236
36.7303142, 127.44008014
36.73031415,    127.44007793
36.73031409,    127.44007572
36.73031403,    127.44007349
36.73031394,    127.44007126
36.73031382,    127.44006906
36.73031369,    127.44006686
36.73031353,    127.44006464
36.73031336,    127.44006243
36.73031316,    127.44006021
36.73031294,    127.44005803
36.73031271,    127.44005584
36.73031245,    127.44005365
36.73031215,    127.44005148
36.73031183,    127.4400493
36.73031153,    127.44004712
36.73031119,    127.44004495
36.73031081,    127.44004278
36.73031041,    127.44004061
36.73030999,    127.44003843
36.73030956,    127.4400363
36.73030909,    127.44003417
36.73030861,    127.44003202
36.7303081, 127.44002989
36.73030759,    127.44002779
36.73030704,    127.44002567
36.73030647,    127.44002355
36.73030588,    127.44002143
36.73030529,    127.44001934
36.73030466,    127.44001725
36.73030403,    127.44001519
36.73030337,    127.44001314
36.73030271,    127.44001106
36.73030204,    127.44000901
36.73030127,    127.44000702
36.73030041,    127.44000507
36.7302997, 127.44000304
36.73029904,    127.44000097
36.73029828,    127.43999895
36.73029748,    127.43999699
36.73029667,    127.43999502
36.73029584,    127.43999305
36.73029499,    127.43999109
36.73029413,    127.43998915
36.73029317,    127.43998729
36.73029217,    127.43998543
36.73029131,    127.43998349
36.73029048,    127.43998154
36.73028955,    127.43997963
36.73028859,    127.43997776
36.73028761,    127.43997588
36.73028661,    127.43997403
36.73028561,    127.43997221
36.7302846, 127.43997039
36.73028357,    127.43996858
36.73028255,    127.43996678
36.73028157,    127.43996491
36.73028046,    127.4399632
36.7302791, 127.43996177
36.73027793,    127.43996009
36.73027713,    127.43995814
36.73027622,    127.43995625
36.7302751, 127.4399545
36.73027383,    127.43995294
36.73027239,    127.43995162
36.73027121,    127.43994998
36.73027037,    127.43994804
36.73026937,    127.43994621
36.7302682, 127.43994453
36.73026694,    127.43994294
36.73026563,    127.43994143
36.73026439,    127.4399398
36.73026323,    127.43993811
36.730262,  127.43993651
36.73026073,    127.43993495
36.73025944,    127.4399334
36.73025815,    127.43993188
36.73025682,    127.43993037
36.73025549,    127.43992887
36.73025414,    127.43992739
36.73025279,    127.43992594
36.73025142,    127.43992451
36.73025003,    127.4399231
36.73024864,    127.43992172
36.73024723,    127.43992035
36.73024579,    127.439919
36.73024434,    127.43991767
36.7302429, 127.43991635
36.73024143,    127.43991508
36.73023995,    127.43991387
36.73023846,    127.43991267
36.73023699,    127.43991141
36.73023551,    127.43991016
36.73023399,    127.43990895
36.73023248,    127.43990777
36.73023096,    127.43990658
36.73022944,    127.43990544
36.73022786,    127.43990436
36.73022633,    127.43990325
36.73022482,    127.43990204
36.7302233, 127.43990086
36.73022176,    127.43989976
36.73022023,    127.43989865
36.73021871,    127.43989753
36.73021719,    127.43989639
36.73021565,    127.43989524
36.7302141, 127.43989407
36.73021259,    127.43989293
36.73021107,    127.43989176
36.73020956,    127.43989057
36.73020802,    127.43988941
36.73020646,    127.43988834
36.73020492,    127.43988717
36.73020346,    127.43988588
36.730202,  127.43988457
36.73020057,    127.43988327
36.73019912,    127.43988199
36.73019765,    127.43988073
36.73019619,    127.43987945
36.73019474,    127.43987814
36.73019327,    127.43987687
36.73019178,    127.43987565
36.73019037,    127.43987433
36.73018901,    127.43987291
36.73018762,    127.43987152
36.73018619,    127.43987015
36.7301848, 127.43986879
36.73018339,    127.43986743
36.73018199,    127.43986605
36.7301806, 127.43986468
36.73017917,    127.43986338
36.73017772,    127.43986205
36.73017641,    127.43986052
36.73017519,    127.4398589
36.73017381,    127.4398575
36.73017238,    127.43985615
36.73017111,    127.4398546
36.73016988,    127.43985301
36.73016857,    127.43985148
36.73016727,    127.43984999
36.73016599,    127.43984846
36.73016472,    127.43984692
36.73016342,    127.43984538
36.73016214,    127.43984383
36.73016094,    127.43984219
36.73015974,    127.43984053
36.73015851,    127.43983889
36.73015731,    127.43983727
36.7301561, 127.43983562
36.73015493,    127.43983395
36.73015376,    127.43983227
36.73015261,    127.43983057
36.73015147,    127.43982885
36.73015034,    127.43982712
36.73014922,    127.43982538
36.73014813,    127.43982364
36.73014704,    127.43982185
36.73014598,    127.43982005
36.73014492,    127.43981826
36.7301439, 127.43981645
36.73014289,    127.43981463
36.73014191,    127.4398128
36.73014093,    127.43981097
36.73013997,    127.4398091
36.73013903,    127.43980723
36.73013811,    127.43980532
36.73013722,    127.4398034
36.73013636,    127.43980147
36.7301355, 127.43979952
36.73013467,    127.43979755
36.73013386,    127.43979559
36.73013304,    127.43979361
36.7301322, 127.43979163
36.73013142,    127.43978962
36.73013075,    127.43978756
36.73013005,    127.4397855
36.73012935,    127.43978348
36.73012867,    127.43978143
36.730128,  127.43977935
36.73012736,    127.43977729
36.73012674,    127.43977519
36.73012614,    127.4397731
36.73012556,    127.43977099
36.73012499,    127.43976889
36.73012445,    127.43976678
36.73012393,    127.43976467
36.73012342,    127.43976253
36.73012291,    127.4397604
36.73012242,    127.43975829
36.73012197,    127.43975614
36.73012156,    127.43975397
36.73012114,    127.43975183
36.73012072,    127.43974965
36.73012032,    127.4397475
36.73011992,    127.43974534
36.73011954,    127.43974319
36.73011917,    127.43974103
36.73011881,    127.43973888
36.73011845,    127.43973672
36.7301181, 127.43973453
36.73011777,    127.43973234
36.73011744,    127.43973017
36.73011711,    127.43972799
36.73011681,    127.43972582
36.7301165, 127.43972365
36.73011615,    127.43972148
36.73011582,    127.4397193
36.73011555,    127.43971711
36.7301153, 127.43971491
36.73011503,    127.43971273
36.73011475,    127.43971056
36.73011448,    127.43970837
36.7301142, 127.43970617
36.73011393,    127.43970398
36.73011367,    127.43970179
36.73011341,    127.43969959
36.73011313,    127.4396974
36.73011287,    127.43969522
36.7301126, 127.43969303
36.73011233,    127.43969083
36.73011205,    127.43968863
36.73011177,    127.43968642
36.73011149,    127.43968422
36.73011122,    127.43968205
36.73011094,    127.43967984
36.73011066,    127.43967764
36.73011038,    127.43967545
36.7301101, 127.43967328
36.73010981,    127.43967107
36.73010953,    127.43966889
36.73010925,    127.43966672
36.73010899,    127.43966453
36.7301087, 127.43966233
36.73010836,    127.43966014
36.73010806,    127.43965794
36.73010785,    127.43965573
36.73010764,    127.43965354
36.73010737,    127.43965134
36.7301071, 127.43964913
36.73010685,    127.43964692
36.73010658,    127.4396447
36.73010632,    127.43964253
36.73010606,    127.43964033
36.7301058, 127.43963814
36.73010554,    127.43963595
36.73010528,    127.43963374
36.73010501,    127.43963154
36.73010475,    127.43962936
36.73010449,    127.43962716
36.73010422,    127.43962498
36.73010395,    127.43962281
36.73010367,    127.43962061
36.7301034, 127.43961841
36.73010312,    127.4396162
36.73010284,    127.439614
36.73010255,    127.4396118
36.73010227,    127.43960961
36.730102,  127.43960744
36.73010171,    127.43960523
36.73010141,    127.43960306
36.73010111,    127.43960089
36.73010081,    127.4395987
36.73010046,    127.43959651
36.73010004,    127.43959434
36.7300997, 127.43959217
36.73009945,    127.43958999
36.73009914,    127.4395878
36.73009875,    127.43958563
36.73009836,    127.43958348
36.73009796,    127.4395813
36.73009757,    127.43957916
36.73009715,    127.43957702
36.73009671,    127.43957485
36.73009624,    127.43957271
36.73009577,    127.43957059
36.7300953, 127.43956844
36.7300948, 127.43956632
36.73009429,    127.43956419
36.73009376,    127.43956209
36.73009321,    127.43955998
36.73009263,    127.43955787
36.73009203,    127.43955579
36.7300914, 127.43955372
36.73009073,    127.43955165
36.73009006,    127.43954959
36.73008938,    127.43954754
36.73008867,    127.4395455
36.73008792,    127.43954348
36.73008717,    127.43954146
36.73008639,    127.43953947
36.73008554,    127.43953751
36.73008465,    127.43953558
36.73008383,    127.4395336
36.73008303,    127.43953162
36.73008216,    127.4395297
36.73008124,    127.43952781
36.7300803, 127.43952593
36.73007934,    127.43952407
36.73007834,    127.43952222
36.73007733,    127.43952038
36.73007628,    127.43951857
36.73007522,    127.43951679
36.73007409,    127.43951508
36.73007293,    127.43951338
36.7300718, 127.43951166
36.73007065,    127.43950996
36.73006945,    127.43950833
36.73006821,    127.43950673
36.73006692,    127.43950516
36.73006561,    127.43950363
36.73006426,    127.43950215
36.73006288,    127.43950072
36.73006147,    127.43949934
36.73006003,    127.43949802
36.73005856,    127.43949674
36.73005707,    127.43949552
36.73005555,    127.43949438
36.730054,  127.43949329
36.73005243,    127.43949226
36.73005083,    127.43949128
36.73004921,    127.43949036
36.73004755,    127.4394895
36.73004587,    127.43948869
36.73004417,    127.43948796
36.73004247,    127.43948728
36.73004076,    127.43948669
36.73003903,    127.43948619
36.73003729,    127.43948572
36.73003556,    127.43948525
36.73003379,    127.43948487
36.730032,  127.43948457
36.73003023,    127.43948434
36.73002844,    127.43948417
36.73002666,    127.43948406
36.73002488,    127.43948399
36.73002307,    127.43948401
36.73002131,    127.43948405
36.73001951,    127.4394841
36.73001775,    127.4394842
36.73001597,    127.43948435
36.73001418,    127.43948458
36.73001241,    127.43948482
36.73001065,    127.43948505
36.73000887,    127.43948532
36.73000712,    127.43948565
36.73000534,    127.43948596
36.73000358,    127.43948623
36.73000182,    127.43948654
36.73000004,    127.43948692
36.72999827,    127.43948727
36.72999651,    127.43948759
36.72999474,    127.43948792
36.72999296,    127.43948824
36.72999118,    127.43948855
36.7299894, 127.43948883
36.72998764,    127.43948915
36.72998589,    127.43948949
36.72998411,    127.43948981
36.72998234,    127.43949012
36.72998058,    127.43949042
36.72997882,    127.43949072
36.72997705,    127.43949102
36.72997526,    127.43949132
36.72997351,    127.43949163
36.72997175,    127.43949195
36.72996998,    127.43949223
36.7299682, 127.43949249
36.72996645,    127.4394928
36.72996469,    127.43949317
36.72996294,    127.43949351
36.72996118,    127.43949383
36.7299594, 127.4394941
36.72995761,    127.43949434
36.72995585,    127.43949466
36.72995408,    127.43949503
36.72995232,    127.43949534
36.72995054,    127.43949564
36.72994877,    127.43949595
36.729947,  127.43949625
36.72994526,    127.43949655
36.72994349,    127.43949685
36.72994171,    127.43949715
36.72993992,    127.43949746
36.72993816,    127.43949777
36.72993638,    127.43949807
36.72993461,    127.43949833
36.72993285,    127.43949859
36.72993108,    127.43949893
36.72992932,    127.43949928
36.72992754,    127.43949958
36.72992575,    127.43949988
36.729924,  127.43950018
36.72992223,    127.43950048
36.72992048,    127.43950078
36.72991872,    127.43950108
36.72991695,    127.43950138
36.72991519,    127.43950168
36.72991344,    127.43950198
36.72991165,    127.43950229
36.7299099, 127.43950259
36.72990812,    127.43950289
36.72990635,    127.43950319
36.72990458,    127.43950351
36.72990281,    127.43950384
36.72990105,    127.43950412
36.72989927,    127.43950435
36.72989749,    127.43950458
36.7298957, 127.4395048
36.72989395,    127.43950515
36.7298922, 127.43950563
36.72989044,    127.43950598
36.72988868,    127.43950627
36.7298869, 127.43950657
36.72988514,    127.43950688
36.72988337,    127.43950719
36.7298816, 127.4395075
36.72987983,    127.43950782
36.72987805,    127.43950813
36.72987629,    127.43950844
36.72987452,    127.43950876
36.72987278,    127.43950908
36.72987099,    127.4395094
36.72986924,    127.43950972
36.72986746,    127.43951003
36.72986568,    127.43951035
36.72986393,    127.43951067
36.72986218,    127.43951099
36.72986042,    127.43951131
36.72985867,    127.43951162
36.72985692,    127.43951194
36.72985516,    127.43951227
36.72985341,    127.43951259
36.72985166,    127.43951291
36.7298499, 127.43951323
36.72984812,    127.43951356
36.72984635,    127.4395139
36.72984457,    127.43951423
36.72984279,    127.43951456
36.72984102,    127.43951489
36.72983926,    127.43951524
36.72983749,    127.43951556
36.72983573,    127.43951582
36.72983395,    127.4395161
36.72983218,    127.43951648
36.72983042,    127.43951686
36.72982866,    127.43951723
36.72982688,    127.43951757
36.72982511,    127.4395179
36.72982334,    127.43951824
36.72982156,    127.43951857
36.72981978,    127.43951891
36.72981801,    127.43951924
36.72981624,    127.43951958
36.72981446,    127.43951991
36.7298127, 127.43952025
36.72981092,    127.43952058
36.72980916,    127.43952092
36.7298074, 127.43952125
36.72980564,    127.4395216
36.72980387,    127.43952193
36.7298021, 127.43952224
36.72980032,    127.43952255
36.72979854,    127.43952286
36.72979678,    127.4395232
36.72979502,    127.4395236
36.72979324,    127.43952396
36.72979148,    127.43952428
36.72978973,    127.43952462
36.72978799,    127.43952495
36.72978622,    127.43952529
36.72978446,    127.43952562
36.7297827, 127.43952596
36.72978092,    127.4395263
36.72977915,    127.43952665
36.72977737,    127.43952699
36.72977559,    127.43952732
36.72977382,    127.43952762
36.72977204,    127.43952787
36.72977028,    127.43952814
36.72976852,    127.43952857
36.72976679,    127.43952903
36.72976503,    127.43952939
36.72976328,    127.43952971
36.72976151,    127.43953001
36.72975973,    127.43953028
36.72975796,    127.43953049
36.72975617,    127.43953072
36.72975442,    127.439531
36.72975265,    127.43953133
36.72975088,    127.43953175
36.72974911,    127.43953218
36.72974737,    127.43953259
36.72974562,    127.43953292
36.72974385,    127.43953319
36.7297421, 127.43953353
36.72974037,    127.43953399
36.72973861,    127.43953436
36.72973686,    127.43953467
36.7297351, 127.439535
36.72973334,    127.43953533
36.72973157,    127.43953567
36.72972981,    127.43953599
36.72972803,    127.43953633
36.72972628,    127.43953665
36.72972451,    127.43953699
36.72972274,    127.43953732
36.72972098,    127.43953765
36.72971922,    127.43953798
36.72971746,    127.43953831
36.72971569,    127.43953864
36.72971392,    127.43953897
36.72971216,    127.4395393
36.72971039,    127.43953963
36.72970862,    127.43953996
36.72970686,    127.43954029
36.72970509,    127.43954062
36.72970333,    127.43954094
36.72970156,    127.43954126
36.72969981,    127.43954159
36.72969804,    127.43954191
36.72969628,    127.43954224
36.7296945, 127.43954256
36.72969275,    127.43954288
36.72969098,    127.4395432
36.72968923,    127.43954352
36.72968746,    127.43954385
36.7296857, 127.43954416
36.72968393,    127.43954448
36.72968216,    127.4395448
36.7296804, 127.43954511
36.72967864,    127.43954543
36.72967688,    127.43954577
36.72967509,    127.43954605
36.72967331,    127.43954629
36.72967153,    127.43954656
36.72966975,    127.43954686
36.72966799,    127.43954725
36.72966623,    127.43954766
36.72966446,    127.43954797
36.72966268,    127.43954827
36.72966093,    127.43954858
36.72965915,    127.43954889
36.7296574, 127.4395492
36.72965564,    127.43954951
36.72965386,    127.43954982
36.7296521, 127.43955013
36.72965035,    127.43955043
36.72964859,    127.43955074
36.72964681,    127.43955105
36.72964503,    127.43955136
36.72964325,    127.43955167
36.72964148,    127.43955198
36.72963971,    127.43955229
36.72963793,    127.43955259
36.72963617,    127.4395529
36.72963441,    127.43955321
36.72963264,    127.43955351
36.72963086,    127.43955382
36.72962909,    127.43955412
36.7296273, 127.43955439
36.72962552,    127.43955459
36.72962375,    127.43955486
36.729622,  127.43955526
36.72962023,    127.43955562
36.72961845,    127.43955592
36.72961668,    127.43955622
36.72961491,    127.43955652
36.72961315,    127.43955682
36.72961138,    127.43955713
36.72960961,    127.43955734
36.72960782,    127.43955752
36.72960606,    127.43955785
36.72960431,    127.43955827
36.72960255,    127.43955858
36.7296008, 127.43955887
36.72959904,    127.43955915
36.72959728,    127.43955943
36.7295955, 127.43955972
36.72959373,    127.43956
36.72959197,    127.43956031
36.72959022,    127.4395606
36.72958845,    127.43956083
36.72958668,    127.43956109
36.72958492,    127.43956149
36.72958317,    127.43956186
36.72958138,    127.43956215
36.7295796, 127.43956245
36.72957782,    127.43956275
36.72957604,    127.43956305
36.72957427,    127.43956336
36.72957249,    127.43956366
36.72957072,    127.43956396
36.72956895,    127.43956427
36.72956718,    127.43956457
36.72956541,    127.43956488
36.72956364,    127.43956518
36.72956188,    127.43956548
36.72956012,    127.43956578
36.72955834,    127.43956608
36.72955657,    127.43956638
36.72955481,    127.43956668
36.72955304,    127.43956698
36.72955128,    127.43956728
36.72954952,    127.43956758
36.72954776,    127.43956787
36.72954601,    127.43956817
36.72954425,    127.43956846
36.7295425, 127.43956876
36.72954075,    127.43956906
36.72953897,    127.43956936
36.7295372, 127.43956966
36.72953545,    127.43956996
36.72953367,    127.43957026
36.72953189,    127.43957056
36.72953012,    127.43957087
36.72952835,    127.43957117
36.72952658,    127.43957149
36.72952481,    127.43957174
36.72952304,    127.43957188
36.72952127,    127.43957211
36.72951955,    127.4395726
36.72951779,    127.43957301
36.72951603,    127.4395733
36.72951428,    127.43957359
36.72951252,    127.43957389
36.72951074,    127.43957419
36.72950896,    127.4395745
36.7295072, 127.43957481
36.72950543,    127.43957512
36.72950366,    127.43957541
36.7295019, 127.43957568
36.72950014,    127.43957593
36.72949838,    127.43957617
36.7294966, 127.4395765
36.72949485,    127.43957693
36.7294931, 127.43957726
36.72949134,    127.43957754
36.72948958,    127.43957786
36.72948783,    127.43957817
36.72948605,    127.43957841
36.72948426,    127.43957863
36.72948249,    127.43957889
36.72948072,    127.43957918
36.72947896,    127.43957958
36.72947722,    127.43957998
36.72947547,    127.43958028
36.72947369,    127.43958058
36.72947194,    127.43958092
36.72947017,    127.43958122
36.72946839,    127.43958142
36.72946663,    127.43958166
36.72946488,    127.43958203
36.7294631, 127.4395824
36.72946135,    127.43958275
36.72945959,    127.43958306
36.72945781,    127.43958335
36.72945604,    127.43958365
36.72945426,    127.43958396
36.7294525, 127.4395843
36.72945073,    127.43958466
36.72944897,    127.43958499
36.72944722,    127.43958531
36.72944545,    127.43958563
36.72944367,    127.43958596
36.72944189,    127.43958628
36.72944011,    127.43958661
36.72943836,    127.43958694
36.72943658,    127.43958727
36.72943482,    127.43958761
36.72943307,    127.43958795
36.72943132,    127.4395883
36.72942957,    127.43958866
36.72942781,    127.43958903
36.72942606,    127.4395894
36.72942432,    127.43958977
36.72942255,    127.43959016
36.72942081,    127.43959055
36.72941905,    127.43959094
36.7294173, 127.43959134
36.72941555,    127.43959175
36.72941381,    127.43959216
36.72941208,    127.43959258
36.72941031,    127.43959301
36.72940854,    127.43959346
36.72940681,    127.4395939
36.72940506,    127.43959434
36.72940331,    127.4395948
36.72940156,    127.43959525
36.72939982,    127.43959571
36.72939809,    127.43959618
36.72939636,    127.43959665
36.72939461,    127.43959713
36.72939287,    127.43959763
36.72939115,    127.43959813
36.72938941,    127.43959865
36.72938769,    127.43959918
36.72938597,    127.43959971
36.72938423,    127.43960026
36.72938252,    127.43960081
36.7293808, 127.43960138
36.72937906,    127.43960198
36.72937733,    127.43960259
36.72937564,    127.4396032
36.72937391,    127.43960384
36.72937219,    127.4396045
36.7293705, 127.43960518
36.72936879,    127.43960589
36.72936711,    127.43960661
36.72936541,    127.43960735
36.72936373,    127.43960813
36.72936208,    127.43960894
36.72936044,    127.4396098
36.7293588, 127.4396107
36.72935718,    127.43961163
36.72935556,    127.43961261
36.72935399,    127.43961363
36.72935241,    127.43961471
36.72935087,    127.43961585
36.72934934,    127.43961703
36.72934785,    127.43961828
36.72934638,    127.43961958
36.72934496,    127.43962094
36.72934359,    127.43962234
36.72934224,    127.43962378
36.72934091,    127.43962528
36.72933963,    127.43962684
36.72933841,    127.43962844
36.7293372, 127.43963009
36.72933604,    127.43963177
36.72933492,    127.43963351
36.72933385,    127.43963528
36.72933278,    127.43963709
36.72933176,    127.43963888
36.72933079,    127.43964073
36.72932985,    127.43964262
36.7293289, 127.43964452
36.72932798,    127.43964644
36.72932711,    127.4396484
36.72932629,    127.43965036
36.72932551,    127.43965235
36.72932473,    127.43965436
36.72932389,    127.4396563
36.7293231, 127.43965827
36.72932246,    127.43966034
36.7293219, 127.43966246
36.72932142,    127.43966459
36.72932094,    127.43966674
36.72932033,    127.43966884
36.72931985,    127.43967097
36.72931956,    127.43967314
36.72931928,    127.43967534
36.72931897,    127.43967751
36.72931869,    127.43967969
36.72931847,    127.43968187
36.72931825,    127.43968408
36.72931803,    127.4396863
36.72931786,    127.43968852
36.72931775,    127.43969075
36.72931766,    127.43969296
36.72931758,    127.43969517
36.72931751,    127.43969737
36.72931746,    127.43969958
36.72931743,    127.43970178
36.72931741,    127.43970402
36.72931741,    127.43970626
36.72931741,    127.43970846
36.72931744,    127.43971068
36.72931747,    127.43971287
36.72931751,    127.43971507
36.72931758,    127.43971727
36.72931764,    127.43971947
36.72931772,    127.43972168
36.72931779,    127.43972388
36.72931789,    127.4397261
36.72931799,    127.43972831
36.7293181, 127.43973052
36.72931821,    127.43973274
36.72931834,    127.43973495
36.72931846,    127.43973716
36.72931859,    127.43973936
36.72931873,    127.43974157
36.72931889,    127.43974378
36.72931904,    127.43974597
36.72931915,    127.43974818
36.72931929,    127.43975038
36.72931945,    127.43975259
36.72931962,    127.43975481
36.72931981,    127.43975701
36.72932001,    127.43975921
36.72932022,    127.4397614
36.7293204, 127.43976359
36.72932057,    127.43976582
36.72932075,    127.43976804
36.72932097,    127.43977025
36.72932119,    127.43977247
36.72932143,    127.43977465
36.72932164,    127.43977684
36.72932185,    127.43977907
36.72932207,    127.43978127
36.72932229,    127.43978346
36.72932253,    127.43978568
36.72932277,    127.43978789
36.729323,  127.43979007
36.72932324,    127.43979227
36.72932348,    127.43979448
36.72932372,    127.43979669
36.72932401,    127.4397989
36.7293243, 127.43980108
36.72932451,    127.43980329
36.7293247, 127.4398055
36.72932494,    127.43980768
36.72932519,    127.43980987
36.72932543,    127.43981207
36.72932567,    127.43981425
36.72932591,    127.43981643
36.72932615,    127.43981865
36.7293264, 127.43982086
36.72932664,    127.43982306
36.7293269, 127.43982526
36.72932715,    127.43982747
36.72932739,    127.43982966
36.72932765,    127.43983183
36.72932794,    127.43983404
36.7293282, 127.43983622
36.72932842,    127.43983844
36.72932865,    127.43984064
36.7293289, 127.43984283
36.72932916,    127.43984501
36.72932941,    127.43984722
36.72932967,    127.43984941
36.72932992,    127.43985161
36.72933019,    127.43985379
36.72933051,    127.43985599
36.72933076,    127.4398582
36.72933096,    127.4398604
36.7293312, 127.43986261
36.72933147,    127.43986481
36.72933173,    127.439867
36.72933199,    127.4398692
36.72933224,    127.43987141
36.72933251,    127.43987362
36.72933276,    127.4398758
36.72933303,    127.43987798
36.72933327,    127.43988016
36.72933353,    127.43988234
36.72933383,    127.43988451
36.72933414,    127.43988671
36.72933439,    127.43988888
36.72933464,    127.4398911
36.72933485,    127.43989329
36.72933508,    127.4398955
36.72933533,    127.43989769
36.72933559,    127.43989989
36.72933583,    127.43990207
36.7293361, 127.43990427
36.72933652,    127.43990643
36.72933681,    127.43990862
36.72933696,    127.43991082
36.72933714,    127.43991304
36.72933739,    127.43991522
36.72933763,    127.43991741
36.72933789,    127.43991959
36.72933819,    127.4399218
36.72933853,    127.43992399
36.72933879,    127.43992619
36.72933897,    127.4399284
36.72933919,    127.4399306
36.72933945,    127.43993281
36.7293397, 127.43993502
36.72933993,    127.4399372
36.72934028,    127.43993937
36.72934069,    127.43994153
36.72934094,    127.43994371
36.72934114,    127.43994591
36.72934131,    127.43994813
36.72934149,    127.43995033
36.72934174,    127.43995253
36.72934201,    127.43995474
36.72934227,    127.43995695
36.72934253,    127.43995912
36.72934279,    127.4399613
36.72934304,    127.43996351
36.72934331,    127.43996569
36.72934357,    127.4399679
36.72934382,    127.43997009
36.72934409,    127.4399723
36.72934434,    127.43997447
36.72934459,    127.43997667
36.72934486,    127.43997885
36.72934511,    127.43998103
36.72934537,    127.43998321
36.72934563,    127.43998542
36.72934588,    127.43998763
36.72934616,    127.43998983
36.72934652,    127.43999201
36.72934679,    127.43999419
36.72934699,    127.43999641
36.72934723,    127.43999862
36.72934752,    127.44000079
36.7293478, 127.44000299
36.72934805,    127.44000518
36.72934829,    127.44000739
36.72934851,    127.44000958
36.72934875,    127.44001178
36.72934902,    127.44001397
36.72934929,    127.44001618
36.72934954,    127.44001836
36.72934979,    127.44002055
36.72935005,    127.44002275
36.72935034,    127.44002494
36.72935064,    127.44002711
36.72935089,    127.4400293
36.72935113,    127.44003148
36.72935138,    127.44003366
36.72935164,    127.44003584
36.72935187,    127.44003804
36.7293521, 127.44004023
36.72935235,    127.44004244
36.7293526, 127.44004464
36.72935284,    127.44004683
36.72935308,    127.44004901
36.72935331,    127.44005121
36.72935352,    127.44005342
36.72935374,    127.44005564
36.72935394,    127.44005786
36.72935413,    127.44006006
36.72935431,    127.44006225
36.72935447,    127.44006447
36.72935463,    127.44006668
36.72935477,    127.4400689
36.7293549, 127.44007112
36.72935502,    127.44007335
36.72935512,    127.44007557
36.72935523,    127.44007777
36.72935529,    127.44007996
36.72935533,    127.44008217
36.72935535,    127.4400844
36.72935536,    127.44008661
36.72935534,    127.44008882
36.7293553, 127.44009103
36.72935524,    127.44009326
36.72935514,    127.44009548
36.72935501,    127.44009768
36.7293549, 127.4400999
36.72935477,    127.44010211
36.7293546, 127.44010431
36.72935441,    127.44010652
36.72935419,    127.44010871
36.72935396,    127.44011089
36.7293537, 127.44011306
36.72935342,    127.44011527
36.72935311,    127.44011746
36.72935279,    127.44011962
36.72935245,    127.44012182
36.72935207,    127.44012397
36.72935162,    127.44012613
36.7293512, 127.44012827
36.72935083,    127.44013042
36.72935042,    127.44013257
36.72934994,    127.44013471
36.72934943,    127.44013683
36.72934893,    127.44013894
36.72934837,    127.44014105
36.72934776,    127.44014315
36.72934716,    127.44014524
36.72934656,    127.44014731
36.72934594,    127.44014937
36.72934526,    127.44015141
36.72934457,    127.44015347
36.72934387,    127.44015553
36.72934309,    127.44015751
36.72934223,    127.44015943
36.72934147,    127.44016143
36.72934078,    127.44016345
36.72933997,    127.44016542
36.72933908,    127.44016736
36.72933817,    127.44016927
36.72933723,    127.44017115
36.7293363, 127.44017302
36.72933533,    127.44017489
36.72933434,    127.44017674
36.72933331,    127.44017855
36.72933228,    127.44018035
36.72933122,    127.44018215
36.72933013,    127.44018394
36.729329,  127.44018567
36.72932774,    127.44018724
36.72932645,    127.44018878
36.72932539,    127.44019053
36.72932436,    127.44019233
36.72932314,    127.44019396
36.72932187,    127.44019549
36.72932061,    127.44019705
36.72931931,    127.44019857
36.72931792,    127.44019995
36.72931651,    127.44020131
36.72931522,    127.44020281
36.72931392,    127.44020432
36.72931253,    127.4402057
36.7293111, 127.440207
36.72930964,    127.44020825
36.72930814,    127.44020948
36.72930666,    127.44021076
36.7293052, 127.44021199
36.72930369,    127.44021315
36.72930215,    127.44021428
36.7293006, 127.44021537
36.72929902,    127.44021643
36.72929745,    127.44021745
36.72929587,    127.44021844
36.72929426,    127.4402194
36.72929263,    127.44022034
36.729291,  127.44022123
36.72928938,    127.44022209
36.72928773,    127.44022292
36.72928607,    127.44022372
36.7292844, 127.44022448
36.72928273,    127.44022522
36.72928104,    127.44022594
36.72927935,    127.44022663
36.72927764,    127.44022731
36.72927594,    127.44022795
36.72927424,    127.44022858
36.72927253,    127.44022918
36.7292708, 127.44022976
36.72926907,    127.44023032
36.72926734,    127.44023083
36.72926559,    127.44023134
36.72926386,    127.44023184
36.72926213,    127.44023231
36.72926038,    127.44023278
36.72925864,    127.44023322
36.7292569, 127.44023363
36.72925514,    127.44023402
36.72925337,    127.44023434
36.72925162,    127.4402347
36.72924987,    127.44023514
36.7292481, 127.44023556
36.72924635,    127.44023591
36.72924459,    127.44023626
36.72924282,    127.44023661
36.72924104,    127.44023693
36.72923925,    127.44023722
36.72923748,    127.44023753
36.72923572,    127.4402379
36.72923396,    127.44023824
36.72923219,    127.44023855
36.72923042,    127.44023885
36.72922865,    127.44023916
36.72922689,    127.44023946
36.72922513,    127.44023976
36.72922335,    127.44024002
36.72922159,    127.44024026
36.7292198, 127.44024055
36.72921805,    127.44024091
36.72921628,    127.44024119
36.72921451,    127.44024141
36.72921273,    127.4402417
36.72921096,    127.44024204
36.72920919,    127.44024235
36.72920742,    127.44024262
36.72920566,    127.4402429
36.7292039, 127.44024318
36.72920213,    127.44024346
36.72920037,    127.44024373
36.72919859,    127.44024401
36.72919681,    127.44024429
36.72919504,    127.44024456
36.72919328,    127.44024483
36.72919149,    127.44024511
36.72918972,    127.4402454
36.72918795,    127.44024568
36.72918619,    127.44024596
36.72918441,    127.44024625
36.72918263,    127.44024653
36.72918087,    127.44024682
36.72917911,    127.44024711
36.72917734,    127.4402474
36.72917555,    127.4402477
36.72917377,    127.440248
36.729172,  127.4402483
36.72917023,    127.44024859
36.72916845,    127.44024889
36.72916667,    127.44024919
36.72916489,    127.4402495
36.72916311,    127.4402498
36.72916136,    127.44025009
36.72915959,    127.4402504
36.72915783,    127.4402507
36.72915606,    127.44025101
36.72915431,    127.4402513
36.72915253,    127.44025158
36.72915074,    127.44025187
36.72914898,    127.44025218
36.72914721,    127.44025251
36.72914544,    127.44025281
36.72914368,    127.4402531
36.72914191,    127.4402534
36.72914016,    127.4402537
36.72913837,    127.440254
36.7291366, 127.44025429
36.72913483,    127.44025458
36.72913306,    127.44025488
36.72913129,    127.44025517
36.72912951,    127.44025547
36.72912776,    127.44025577
36.72912597,    127.44025605
36.72912418,    127.44025631
36.72912241,    127.4402566
36.72912065,    127.44025693
36.72911887,    127.44025724
36.72911712,    127.44025752
36.72911534,    127.44025781
36.72911356,    127.4402581
36.7291118, 127.44025839
36.72911001,    127.44025869
36.72910823,    127.44025899
36.72910647,    127.44025929
36.72910471,    127.44025958
36.72910296,    127.44025988
36.72910118,    127.44026018
36.72909942,    127.44026049
36.72909766,    127.44026079
36.72909591,    127.4402611
36.72909414,    127.44026142
36.72909238,    127.44026174
36.72909062,    127.44026207
36.72908884,    127.4402624
36.72908707,    127.44026274
36.7290853, 127.44026308
36.72908354,    127.44026344
36.72908178,    127.4402638
36.72908001,    127.44026417
36.72907824,    127.44026456
36.72907648,    127.44026497
36.72907473,    127.44026538
36.72907297,    127.44026582
36.72907121,    127.44026625
36.72906946,    127.44026662
36.72906769,    127.440267
36.72906597,    127.44026753
36.72906425,    127.44026813
36.7290625, 127.44026868
36.72906076,    127.44026922
36.72905905,    127.4402698
36.72905734,    127.44027039
36.72905562,    127.44027097
36.72905391,    127.44027159
36.72905221,    127.44027235
36.72905054,    127.44027317
36.72904888,    127.44027396
36.72904724,    127.44027478
36.72904562,    127.44027567
36.72904402,    127.44027662
36.72904241,    127.44027761
36.72904084,    127.44027865
36.72903928,    127.44027974
36.72903777,    127.44028088
36.72903628,    127.44028207
36.72903481,    127.44028331
36.72903335,    127.44028461
36.72903195,    127.44028595
36.72903057,    127.44028733
36.72902922,    127.44028876
36.7290279, 127.44029026
36.72902661,    127.44029179
36.72902531,    127.44029329
36.72902406,    127.44029488
36.72902294,    127.44029661
36.72902183,    127.44029838
36.72902074,    127.44030011
36.72901964,    127.44030188
36.7290186, 127.44030366
36.7290176, 127.44030547
36.72901664,    127.44030735
36.72901566,    127.44030921
36.72901463,    127.440311
36.72901368,    127.4403129
36.72901288,    127.4403149
36.72901206,    127.44031688
36.72901121,    127.44031882
36.72901039,    127.44032078
36.72900959,    127.44032277
36.7290088, 127.44032477
36.72900803,    127.44032679
36.72900729,    127.44032883
36.72900656,    127.44033087
36.72900584,    127.44033292
36.72900517,    127.44033495
36.72900451,    127.44033699
36.72900387,    127.44033908
36.72900323,    127.44034117
36.72900259,    127.44034325
36.72900193,    127.44034531
36.72900127,    127.44034735
36.72900077,    127.44034948
36.72900041,    127.44035164
36.72899994,    127.44035378
36.72899939,    127.4403559
36.72899895,    127.44035806
36.72899856,    127.44036024
36.72899815,    127.44036241
36.72899776,    127.44036459
36.72899739,    127.44036675
36.72899704,    127.44036894
36.72899671,    127.44037112
36.72899639,    127.44037331
36.72899609,    127.4403755
36.72899581,    127.44037768
36.72899555,    127.44037987
36.72899531,    127.44038207
36.72899508,    127.44038428
36.72899487,    127.44038647
36.72899469,    127.44038865
36.72899451,    127.44039088
36.72899435,    127.4403931
36.72899421,    127.44039532
36.72899408,    127.44039754
36.72899397,    127.44039976
36.72899387,    127.44040199
36.72899377,    127.44040419
36.72899369,    127.44040639
36.72899363,    127.4404086
36.72899357,    127.44041081
36.72899353,    127.44041301
36.72899348,    127.44041522
36.72899346,    127.44041746
36.72899345,    127.44041969
36.72899346,    127.44042192
36.72899348,    127.44042415
36.7289935, 127.44042637
36.72899354,    127.44042857
36.72899358,    127.44043078
36.72899363,    127.44043297
36.72899369,    127.44043521
36.72899376,    127.44043743
36.72899384,    127.44043965
36.72899393,    127.44044185
36.72899402,    127.44044405
36.72899412,    127.44044628
36.72899422,    127.44044851
36.72899433,    127.44045073
36.72899446,    127.44045293
36.7289946, 127.44045514
36.72899475,    127.44045736
36.72899489,    127.44045958
36.72899505,    127.44046179
36.72899523,    127.44046402
36.72899543,    127.44046621
36.72899565,    127.44046841
36.72899585,    127.44047063
36.72899601,    127.44047282
36.72899616,    127.44047504
36.72899635,    127.44047723
36.72899655,    127.44047944
36.72899678,    127.44048162
36.728997,  127.44048383
36.72899722,    127.44048604
36.72899743,    127.44048825
36.72899764,    127.44049043
36.72899787,    127.44049264
36.72899812,    127.44049486
36.72899833,    127.44049706
36.72899855,    127.44049926
36.72899877,    127.44050145
36.728999,  127.44050366
36.72899922,    127.44050586
36.72899945,    127.44050807
36.72899968,    127.44051025
36.72899991,    127.44051245
36.72900017,    127.44051464
36.72900046,    127.44051681
36.72900068,    127.440519
36.72900084,    127.44052119
36.72900106,    127.4405234
36.7290013, 127.4405256
36.72900154,    127.44052781
36.72900178,    127.44053003
36.72900202,    127.44053223
36.72900226,    127.44053444
36.72900249,    127.44053665
36.72900273,    127.44053883
36.72900297,    127.44054101
36.7290032, 127.44054321
36.72900344,    127.44054543
36.72900368,    127.44054762
36.72900392,    127.44054983
36.72900416,    127.44055203
36.72900443,    127.44055424
36.72900469,    127.44055642
36.72900501,    127.4405586
36.7290053, 127.44056079
36.72900546,    127.440563
36.72900563,    127.44056521
36.72900585,    127.4405674
36.72900613,    127.4405696
36.72900648,    127.44057175
36.72900678,    127.44057394
36.72900692,    127.44057614
36.72900709,    127.44057833
36.72900735,    127.44058051
36.72900761,    127.44058269
36.72900786,    127.44058491
36.72900813,    127.44058709
36.72900848,    127.44058928
36.72900876,    127.44059149
36.72900892,    127.44059369
36.72900913,    127.44059588
36.72900941,    127.44059805
36.72900971,    127.44060026
36.72901002,    127.44060245
36.72901031,    127.44060463
36.7290106, 127.44060682
36.7290108, 127.44060901
36.72901093,    127.44061123
36.72901115,    127.44061342
36.72901143,    127.44061561
36.72901171,    127.44061779
36.72901197,    127.44062
36.72901223,    127.44062219
36.7290125, 127.4406244
36.72901276,    127.44062661
36.72901302,    127.44062882
36.72901329,    127.44063103
36.72901355,    127.44063324
36.72901381,    127.44063545
36.72901408,    127.44063766
36.72901434,    127.44063985
36.7290146, 127.44064202
36.72901486,    127.44064421
36.72901513,    127.4406464
36.72901537,    127.4406486
36.72901564,    127.44065081
36.72901602,    127.44065299
36.72901635,    127.44065516
36.72901651,    127.44065737
36.72901671,    127.44065958
36.72901698,    127.44066179
36.72901726,    127.44066397
36.72901752,    127.44066618
36.7290178, 127.44066839
36.72901807,    127.44067059
36.72901833,    127.4406728
36.7290186, 127.44067501
36.72901887,    127.44067721
36.72901912,    127.4406794
36.72901944,    127.44068159
36.72901987,    127.44068374
36.72902013,    127.44068592
36.72902029,    127.44068813
36.72902049,    127.44069033
36.72902075,    127.44069254
36.72902102,    127.44069474
36.7290213, 127.44069695
36.72902157,    127.44069916
36.72902184,    127.44070136
36.72902211,    127.44070356
36.72902239,    127.44070576
36.72902266,    127.44070796
36.72902293,    127.44071016
36.72902319,    127.44071237
36.72902347,    127.44071456
36.72902384,    127.44071673
36.72902423,    127.4407189
36.7290245, 127.44072108
36.72902473,    127.44072327
36.72902493,    127.44072548
36.72902513,    127.44072768
36.72902537,    127.4407299
36.72902564,    127.4407321
36.72902603,    127.44073428
36.72902636,    127.44073644
36.72902657,    127.44073865
36.7290268, 127.44074086
36.72902711,    127.44074306
36.72902737,    127.44074524
36.72902759,    127.44074743
36.72902784,    127.44074963
36.72902812,    127.44075181
36.72902844,    127.44075401
36.72902878,    127.4407562
36.72902907,    127.4407584
36.72902931,    127.44076058
36.72902953,    127.44076276
36.72902976,    127.44076495
36.7290301, 127.44076711
36.72903045,    127.44076928
36.72903067,    127.44077146
36.72903091,    127.44077366
36.7290313, 127.44077584
36.72903168,    127.44077802
36.72903194,    127.4407802
36.7290322, 127.44078239
36.72903246,    127.4407846
36.72903274,    127.4407868
36.72903303,    127.440789
36.72903337,    127.44079116
36.72903378,    127.44079334
36.72903414,    127.4407955
36.72903443,    127.44079769
36.72903476,    127.44079989
36.72903514,    127.44080205
36.72903553,    127.44080423
36.72903592,    127.44080638
36.72903633,    127.44080854
36.72903674,    127.44081072
36.72903718,    127.44081287
36.72903762,    127.44081503
36.72903808,    127.44081719
36.72903855,    127.44081935
36.72903902,    127.44082146
36.7290395, 127.44082358
36.72904005,    127.4408257
36.72904066,    127.4408278
36.72904124,    127.44082991
36.72904178,    127.44083202
36.72904229,    127.44083413
36.7290428, 127.44083626
36.72904337,    127.44083834
36.729044,  127.44084041
36.72904465,    127.44084246
36.72904532,    127.44084451
36.72904603,    127.44084655
36.72904676,    127.44084855
36.72904763,    127.44085048
36.72904857,    127.44085235
36.72904933,    127.44085434
36.72905006,    127.44085638
36.72905102,    127.44085826
36.72905207,    127.44086003
36.72905301,    127.44086192
36.72905393,    127.44086381
36.72905498,    127.4408656
36.72905611,    127.44086731
36.72905737,    127.44086889
36.72905863,    127.44087048
36.72905972,    127.44087225
36.72906082,    127.44087402
36.72906207,    127.44087562
36.72906338,    127.44087711
36.72906476,    127.44087852
36.72906616,    127.44087991
36.72906753,    127.44088134
36.72906893,    127.44088274
36.72907036,    127.44088405
36.72907185,    127.44088532
36.72907333,    127.44088652
36.72907486,    127.44088771
36.72907638,    127.44088883
36.72907794,    127.44088991
36.72907952,    127.44089094
36.72908112,    127.44089192
36.72908276,    127.44089285
36.7290844, 127.44089372
36.72908605,    127.44089454
36.72908772,    127.44089529
36.72908942,    127.440896
36.72909113,    127.44089665
36.72909286,    127.44089724
36.7290946, 127.44089776
36.72909633,    127.44089822
36.72909809,    127.44089862
36.72909985,    127.44089896
36.72910164,    127.44089921
36.72910341,    127.44089939
36.72910518,    127.44089952
36.72910695,    127.44089963
36.72910876,    127.44089963
36.72911053,    127.44089959
36.72911232,    127.44089955
36.72911409,    127.44089942
36.72911587,    127.44089926
36.72911766,    127.44089902
36.72911943,    127.44089876
36.7291212, 127.44089849
36.72912298,    127.4408982
36.72912475,    127.44089793
36.7291265, 127.44089762
36.72912826,    127.44089724
36.72913003,    127.4408969
36.72913178,    127.4408966
36.72913354,    127.44089627
36.72913531,    127.44089588
36.72913707,    127.44089552
36.72913881,    127.44089519
36.72914058,    127.44089485
36.72914234,    127.44089452
36.72914411,    127.44089421
36.72914587,    127.44089393
36.72914762,    127.44089361
36.72914936,    127.44089322
36.72915112,    127.44089285
36.72915287,    127.44089252
36.72915464,    127.44089219
36.7291564, 127.44089185
36.72915818,    127.44089152
36.72915993,    127.44089119
36.72916171,    127.44089086
36.72916345,    127.44089054
36.72916523,    127.44089022
36.72916701,    127.44088989
36.72916876,    127.44088958
36.72917054,    127.44088926
36.7291723, 127.44088895
36.72917408,    127.44088864
36.72917584,    127.44088833
36.72917761,    127.44088803
36.72917939,    127.44088772
36.72918118,    127.44088743
36.72918296,    127.44088713
36.72918472,    127.44088684
36.72918647,    127.44088655
36.72918825,    127.44088626
36.72919003,    127.44088596
36.72919179,    127.44088567
36.72919355,    127.44088538
36.72919532,    127.44088511
36.72919709,    127.44088487
36.72919885,    127.44088463
36.72920063,    127.44088434
36.72920239,    127.44088403
36.72920415,    127.44088377
36.72920593,    127.44088351
36.72920772,    127.44088324
36.7292095, 127.44088298
36.72921127,    127.44088274
36.72921304,    127.44088249
36.7292148, 127.44088223
36.72921656,    127.44088198
36.72921836,    127.44088178
36.72922015,    127.44088158
36.72922193,    127.4408813
36.72922371,    127.440881
36.72922548,    127.44088072
36.72922727,    127.44088046
36.72922904,    127.44088021
36.72923082,    127.44087995
36.7292326, 127.44087969
36.72923436,    127.44087942
36.72923613,    127.44087915
36.72923791,    127.44087889
36.72923968,    127.44087861
36.72924146,    127.44087835
36.72924322,    127.44087812
36.72924499,    127.4408779
36.72924678,    127.44087768
36.72924854,    127.4408774
36.72925031,    127.44087702
36.72925206,    127.4408767
36.72925382,    127.44087643
36.7292556, 127.44087616
36.72925738,    127.44087587
36.72925916,    127.44087563
36.72926095,    127.44087544
36.72926272,    127.44087516
36.72926446,    127.44087478
36.72926622,    127.44087448
36.72926798,    127.44087422
36.72926977,    127.44087394
36.72927152,    127.44087365
36.7292733, 127.44087336
36.72927507,    127.44087307
36.72927685,    127.4408728
36.72927863,    127.44087255
36.72928039,    127.44087228
36.72928215,    127.44087201
36.72928392,    127.44087177
36.7292857, 127.44087154
36.72928745,    127.4408712
36.7292892, 127.44087079
36.72929098,    127.44087052
36.72929276,    127.44087028
36.72929454,    127.44087
36.72929632,    127.44086968
36.72929808,    127.44086935
36.72929985,    127.44086901
36.72930162,    127.44086871
36.72930338,    127.44086841
36.72930514,    127.44086811
36.72930691,    127.44086781
36.72930866,    127.44086751
36.72931042,    127.44086721
36.7293122, 127.44086694
36.72931397,    127.44086664
36.72931573,    127.4408663
36.72931748,    127.44086596
36.72931926,    127.44086563
36.72932104,    127.44086537
36.72932283,    127.44086519
36.72932462,    127.44086491
36.72932635,    127.44086445
36.72932809,    127.44086407
36.72932987,    127.44086375
36.72933164,    127.44086349
36.72933342,    127.44086327
36.72933519,    127.44086295
36.72933696,    127.44086253
36.72933874,    127.44086218
36.72934052,    127.44086188
36.72934228,    127.44086157
36.72934404,    127.44086125
36.7293458, 127.44086093
36.72934757,    127.44086061
36.72934934,    127.44086028
36.72935111,    127.44085996
36.72935288,    127.44085964
36.72935466,    127.44085931
36.72935641,    127.44085899
36.72935817,    127.44085867
36.72935993,    127.44085834
36.72936171,    127.44085801
36.72936346,    127.44085766
36.72936521,    127.44085736
36.72936698,    127.44085714
36.72936875,    127.44085687
36.72937048,    127.44085643
36.72937226,    127.44085601
36.72937404,    127.44085569
36.72937579,    127.44085537
36.72937755,    127.44085504
36.7293793, 127.44085471
36.72938108,    127.44085438
36.72938284,    127.44085405
36.72938461,    127.44085371
36.72938636,    127.44085339
36.72938813,    127.44085306
36.72938988,    127.44085274
36.72939163,    127.44085241
36.72939339,    127.44085209
36.72939515,    127.44085177
36.72939692,    127.44085144
36.72939867,    127.44085111
36.72940044,    127.4408508
36.72940222,    127.44085049
36.72940397,    127.44085018
36.72940574,    127.44084985
36.72940751,    127.44084951
36.72940928,    127.44084917
36.72941106,    127.44084885
36.72941282,    127.44084855
36.72941461,    127.44084834
36.72941639,    127.4408481
36.72941814,    127.44084767
36.7294199, 127.44084725
36.72942165,    127.44084694
36.72942341,    127.44084663
36.72942518,    127.44084631
36.72942695,    127.440846
36.72942873,    127.44084568
36.7294305, 127.44084536
36.72943227,    127.44084505
36.72943403,    127.44084473
36.72943579,    127.44084441
36.72943757,    127.44084409
36.72943934,    127.44084377
36.72944112,    127.44084355
36.72944291,    127.44084336
36.72944466,    127.44084301
36.7294464, 127.44084253
36.72944817,    127.44084218
36.72944995,    127.44084188
36.72945173,    127.44084156
36.7294535, 127.44084124
36.72945528,    127.44084093
36.72945704,    127.44084061
36.72945879,    127.44084029
36.72946055,    127.44083998
36.72946231,    127.44083966
36.72946408,    127.44083934
36.72946584,    127.44083902
36.7294676, 127.44083871
36.72946938,    127.44083837
36.72947115,    127.44083809
36.72947291,    127.4408379
36.7294747, 127.44083767
36.72947644,    127.4408372
36.7294782, 127.44083677
36.72947998,    127.44083646
36.72948175,    127.44083615
36.7294835, 127.44083584
36.72948525,    127.44083553
36.72948701,    127.44083522
36.72948879,    127.44083489
36.72949054,    127.44083456
36.72949233,    127.44083434
36.7294941, 127.44083418
36.72949586,    127.44083386
36.72949759,    127.4408334
36.72949935,    127.44083307
36.72950112,    127.44083279
36.72950287,    127.4408325
36.72950464,    127.44083221
36.72950642,    127.44083191
36.72950817,    127.44083163
36.72950993,    127.44083134
36.72951169,    127.44083106
36.72951346,    127.44083077
36.72951523,    127.4408305
36.72951701,    127.44083026
36.7295188, 127.44083002
36.72952058,    127.44082976
36.72952235,    127.44082946
36.72952409,    127.4408291
36.72952585,    127.44082876
36.72952761,    127.44082848
36.72952936,    127.44082821
36.72953113,    127.44082793
36.7295329, 127.44082764
36.72953466,    127.44082734
36.72953643,    127.44082707
36.72953809,    127.44082687
36.72953987,    127.44082666
36.72954162,    127.44082646
36.72954337,    127.44082627
36.72954506,    127.44082608
36.72954686,    127.44082588
36.72954848,    127.4408257
36.72955018,    127.44082552
36.72955192,    127.44082533
36.7295537, 127.44082513