37.36560596263573,  126.72504536112388
37.3656079839426,   126.72504161410096
37.36561064377094,  126.7250366836558
37.365613320801764, 126.72503172176536
37.3656160281769,   126.72502670391266
37.36561871535798,  126.72502172284963
37.36562140951047,  126.72501672891265
37.365624111234595, 126.72501172113601
37.365626829354795, 126.72500668288603
37.365628894150134, 126.72500285555437
37.36563162794021,  126.72499778840324
37.365634363725235, 126.72499271774578
37.36563720698881,  126.72498744769396
37.36563999455937,  126.72498228123112
37.365642626176495, 126.72497740340582
37.36564491643252,  126.72497315861877
37.36564818185031,  126.72496710578191
37.3656504664705,   126.7249628718462
37.365653670351776, 126.72495693336994
37.36565603595379,  126.72495254873542
37.36565881821268,  126.72494739216458
37.36566162171484,  126.72494219618736
37.36566439819542,  126.72493705021361
37.36566752712094,  126.72493125053595
37.365670375632945, 126.72492597110363
37.36567273154582,  126.72492160467756
37.36567551851969,  126.72491643952002
37.365678265984165, 126.72491134714035
37.365681016375824, 126.72490624967561
37.36568356216352,  126.72490153164861
37.36568656894427,  126.72489595894028
37.36568910210959,  126.72489126386333
37.36569213106392,  126.72488565008332
37.3656952252769,   126.72487991532498
37.36569782476592,  126.72487509747097
37.36570036104984,  126.7248703965699
37.365703240097936, 126.72486506056217
37.365706014652595, 126.72485991830197
37.36570864501096,  126.7248550432196
37.36571097111138,  126.72485073195978
37.365714220735576, 126.72484470909335
37.36571654087075,  126.72484040942702
37.36571933130475,  126.72483523847345
37.365722092057204, 126.72483012221248
37.36572493261255,  126.72482485830326
37.365728053186324, 126.72481907510648
37.365730892941414, 126.72481381251275
37.36573322622048,  126.72480948849967
37.36573624216878,  126.72480389935524
37.36573899568657,  126.72479879666265
37.36574175298833,  126.72479368696399
37.36574454307664,  126.7247885160174
37.36574732235827,  126.72478336589896
37.365750085169786, 126.72477824599702
37.365752861457345, 126.72477310109377
37.3657556400652,   126.72476795172675
37.36575901557875,  126.72476169672791
37.36576115680005,  126.7247577289005
37.36576394616721,  126.7247525598682
37.36576672922566,  126.72474740244003
37.365769486199746, 126.72474229369504
37.36577205934372,  126.72473752555665
37.36577446909894,  126.72473305980593
37.365777238279506, 126.72472792799245
37.365779998107236, 126.72472281394813
37.365782792318385, 126.72471763589415
37.36578556841106,  126.72471249172453
37.36578877821077,  126.72470654348622
37.36579099929347,  126.72470242757507
37.3657937696093,   126.72469729408829
37.36579656972954,  126.72469210517215
37.36579933412968,  126.72468698228664
37.36580208784741,  126.72468187953639
37.36580487255837,  126.7246767188227
37.36580766690148,  126.72467154058903
37.365810434543604, 126.7246664182932
37.36581320021017,  126.72466136126698
37.36581556655066,  126.72465621896328
37.36581750355795,  126.72465153998633
37.36582003690914,  126.72464562622135
37.36582178283947,  126.72464126855883
37.36582360263821,  126.72463492599537
37.36582474285469,  126.72463035895645
37.36582621659323,  126.72462471956746
37.36582780418659,  126.72461914065654
37.36582915458433,  126.72461373387574
37.36582997947124,  126.72460815160511
37.365830700242995, 126.72460245050138
37.365831508782,    126.72459672977564
37.365832398808884, 126.72459129189366
37.365833208509734, 126.72458462420477
37.365833230130306, 126.72458004272083
37.36583293873776,  126.72457453418956
37.365832753386385, 126.72456886950742
37.36583255689098,  126.72456346888903
37.36583190185129,  126.72455816417624
37.36583114854083,  126.72455324430496
37.36583027359484,  126.72454725605819
37.36582965485683,  126.72454236209897
37.36582870017225,  126.72453658201441
37.36582708721198,  126.72453103739214
37.36582563340522,  126.72452662427473
37.36582428070379,  126.72452211648954
37.36582265299893,  126.7245172847166
37.365820765633785, 126.72451248314339
37.36581891584496,  126.7245077084316
37.36581699668977,  126.72450307704746
37.365814712046735, 126.7244988538691
37.36581221301263,  126.7244946194663
37.36580984438736,  126.72449049112822
37.36580727442345,  126.7244866510353
37.36580369076771,  126.72448237756134
37.36580137394761,  126.72447958683863
37.365798441964934, 126.72447606013299
37.36579545587425,  126.72447273362219
37.36579241969077,  126.72446932653085
37.365789415618835, 126.72446600887668
37.36578623575556,  126.72446316721974
37.36578285107692,  126.72446063320903
37.365779410859645, 126.72445797502168
37.36577605087781,  126.72445516310003
37.36577194425052,  126.72445213559611
37.36576852955281,  126.7244501280949
37.36576581326851,  126.7244485451522
37.365762599651475, 126.72444660036085
37.365758476386546, 126.72444394442155
37.365755368231056, 126.7244420991265
37.36575111325765,  126.72444024119025
37.36574774886228,  126.72443884667119
37.365743818070726, 126.72443711362462
37.36573938669729,  126.72443499281272
37.365736313892555, 126.72443367312844
37.36573241514351,  126.7244326224433
37.365728427415426, 126.72443172132054
37.36572440132855,  126.72443069912
37.36572036616399,  126.72442954108801
37.36571639146463,  126.72442838454563
37.365712456642775, 126.72442773517108
37.36570844144907,  126.72442771823137
37.36570433692226,  126.72442771458644
37.36570020638323,  126.72442753832176
37.36569599243358,  126.72442725440057
37.36569249927353,  126.72442702870583
37.365687521390505, 126.72442678481563
37.36568406272214,  126.72442660789092
37.36567913058185,  126.7244267365219
37.36567564391438,  126.72442708744391
37.36567140692942,  126.72442746422408
37.365667189466286, 126.72442770501927
37.365663017862346, 126.72442809220688
37.36565885408452,  126.72442894312356
37.36565468375713,  126.72442984312407
37.365650444858325, 126.72443067770342
37.3656465505959,   126.72443134246213
37.36564207975631,  126.72443232566823
37.36563750000403,  126.72443386235945
37.365633232101764, 126.72443530120228
37.365630093283905, 126.72443629397308
37.36562549491163,  126.72443767952883
37.365621652487896, 126.72443883347631
37.36561699795303,  126.72444026961473
37.36561307987044,  126.72444150430252
37.36560873879889,  126.72444287461039
37.36560437250052,  126.72444423990875
37.365599941362504, 126.72444561399287
37.36559451327751,  126.72444729603143
37.365590335803915, 126.72444864455458
37.36558589726584,  126.72444971992469
37.36558143474577,  126.72445058348346
37.365576999332525, 126.7244515247207
37.36557265590375,  126.72445229571699
37.365568277865265, 126.72445254566904
37.36556495134432,  126.72445267406749
37.36556051023129,  126.72445290841675
37.365556059407346, 126.72445326872011
37.36555175092907,  126.72445331755895
37.365547276889465, 126.72445284504641
37.365542874532466, 126.72445235669288
37.36553845304325,  126.72445199063716
37.36553405448254,  126.72445165485699
37.365529812967765, 126.72445076937133
37.36552559158297,  126.72444964375767
37.36552132214609,  126.72444859001766
37.36551708862282,  126.72444750711011
37.365512823673164, 126.72444642573369
37.36550854947773,  126.72444533552715
37.36550424262217,  126.72444426312687
37.36550013033451,  126.72444283472092
37.36549611336855,  126.72444101831252
37.365492845132515, 126.72443956507168
37.365488636069806, 126.72443782049614
37.36548452130713,  126.72443618671527
37.365480609743734, 126.72443411847203
37.36547691238543,  126.72443152315356
37.365473164463914, 126.72442889425997
37.36546930218917,  126.7244263558259
37.36546545575206,  126.72442396329146
37.36546183749084,  126.72442124976527
37.3654585439823,   126.72441801211224
37.36545560137659,  126.72441504806308
37.36545181951939,  126.72441144381258
37.365448334992564, 126.72440826615882
37.36544483404326,  126.7244051319006
37.36544162484165,  126.72440175559626
37.36543854202112,  126.72439806714756
37.36543585183486,  126.72439488786927
37.36543265627562,  126.72439125589143
37.36542938355666,  126.72438768919403
37.36542644559912,  126.72438392902744
37.365423270699026, 126.7243793807734
37.3654203063896,   126.72437520175994
37.36541782528777,  126.72437188843766
37.36541513521296,  126.72436785238351
37.36541254473634,  126.72436362550779
37.365409906048356, 126.72435933365165
37.36540747004524,  126.7243554896645
37.365404632603486, 126.72435088631438
37.365402570191094, 126.72434682472792
37.36540015244561,  126.72434190401057
37.365398039437416, 126.72433772858697
37.36539516170337,  126.72433220903713
37.3653928770928,   126.7243278449784
37.365390470952114, 126.72432319498083
37.36538805102411,  126.72431846989615
37.3653856291349,   126.72431368401135
37.365383164488065, 126.72430907538654
37.365380507829364, 126.72430458765041
37.365377851825244, 126.72430009285264
37.36537521568341,  126.72429553334347
37.36537261266179,  126.72429088529144
37.36536989292503,  126.72428660146684
37.36536627290117,  126.72428164278456
37.365364185615164, 126.72427876438924
37.36536168015019,  126.72427521782409
37.365358725322245, 126.72427094041528
37.365355755184765, 126.72426663207044
37.36535275039077,  126.724262323551
37.3653496906831,   126.724257978697
37.36534658052617,  126.72425356690601
37.365343512443516, 126.72424919596773
37.365340485334976, 126.72424479444935
37.36533730498835,  126.72424069215839
37.36533393088211,  126.72423686640394
37.36533063697645,  126.72423310924012
37.36532710314924,  126.72422895307841
37.365324097502345, 126.72422529947
37.36532036488853,  126.72422113550074
37.365317052760794, 126.72421802562513
37.36531338752373,  126.72421462578264
37.36530970581568,  126.72421109715982
37.36530606417983,  126.72420751431657
37.365302411457456, 126.72420391274964
37.36529871211362,  126.72420030914614
37.36529428153462,  126.72419597882444
37.365290728353145, 126.72419290851698
37.36528682553027,  126.72418995339521
37.365282838021976, 126.72418689941081
37.365278932042564, 126.72418380443587
37.36527583869152,  126.72418129349082
37.36527192771909,  126.72417816416727
37.36526809036173,  126.72417569798367
37.36526396089568,  126.72417324078877
37.36525981972631,  126.72417069978667
37.3652556816758,   126.7241680565041
37.36525156654217,  126.72416535182047
37.36524790329585,  126.72416317870952
37.365243224745285, 126.72416054387868
37.365239712780266, 126.72415856100777
37.365234687828334, 126.72415566589957
37.36523118306254,  126.72415359358956
37.36522623217016,  126.72415085254941
37.36522268724604,  126.72414903267683
37.36521833187441,  126.72414679653657
37.365213976726174, 126.7241445211089
37.36520960559515,  126.72414220744346
37.36520523041224,  126.72413989045502
37.36520057562487,  126.72413744178395
37.365195666366255, 126.72413487230011
37.36519190222691,  126.72413290223116
37.3651874118632,   126.72413054654692
37.36518287017485,  126.72412815925986
37.36517837777749,  126.72412579749997
37.3651738334847,   126.7241234106475
37.36516929794049,  126.72412106483618
37.365165315390676, 126.7241188899431
37.36516067888801,  126.72411587141826
37.3651560919963,   126.72411284013151
37.36515094873343,  126.72410960137573
37.36514809088162,  126.7241075664826
37.365144726919084, 126.72410482454832
37.36514029225207,  126.7241011459014
37.36513690728558,  126.7240984192035
37.36513312498998,  126.72409503507957
37.36512934791723,  126.72409157984382
37.36512554609567,  126.72408817969593
37.36512192694448,  126.72408470828016
37.365118546480154, 126.7240808960444
37.36511513199344,  126.72407705072476
37.36511200486399,  126.7240734237281
37.365108807650884, 126.72406945947073
37.365105570049444, 126.72406551650533
37.36510255049576,  126.72406153766265
37.36509966933623,  126.72405732965612
37.36509679048744,  126.72405317561278
37.36509413091614,  126.72404879198568
37.365091520673055, 126.72404436618756
37.365088871913784, 126.72403996160328
37.365086621365506, 126.72403627364099
37.365083414580404, 126.72403103950879
37.36508123541846,  126.72402750961427
37.365078394385165, 126.72402204627474
37.36507655630602,  126.72401811113272
37.36507428550779,  126.72401336335157
37.36507192422753,  126.72400861294274
37.365069514769424, 126.7240038412701
37.365067122438305, 126.7239991467374
37.36506507668474,  126.72399433325681
37.36506308848505,  126.72398930845323
37.365061044714025, 126.72398427839482
37.36505891616324,  126.72397931595769
37.36505672014003,  126.72397370505719
37.365055184521566, 126.72396842023237
37.36505406920276,  126.72396444309338
37.36505235949865,  126.7239587478293
37.36505095351458,  126.72395410024365
37.365049768746665, 126.72394845865432
37.36504889166332,  126.72394358050506
37.365047777165074, 126.72393768990898
37.36504679928153,  126.72393285443167
37.36504567755714,  126.72392743133248
37.36504454255933,  126.72392185450475
37.36504318056114,  126.72391516692896
37.365042507361096, 126.72391088636782
37.365041933951844, 126.72390541618263
37.36504134368741,  126.72389988121112
37.36504066981107,  126.72389428708884
37.36503994150074,  126.72388859942463
37.365039234693505, 126.72388300013858
37.36503853488003,  126.72387721595253
37.36503785896496,  126.72387149099924
37.36503716279413,  126.72386562641881
37.365036313608165, 126.72385859953819
37.365035744407734, 126.72385401407892
37.36503508327071,  126.72384824074135
37.365034582010644, 126.72384244163953
37.36503408504302,  126.72383664408783
37.36503354481382,  126.72383068869605
37.36503298414162,  126.72382474822179
37.36503242184533,  126.72381879483233
37.36503186395909,  126.72381276696899
37.36503130638315,  126.72380664989616
37.36503075151477,  126.72380055918725
37.36503007929246,  126.7237932425183
37.36502963466974,  126.72378843001442
37.365029213735774, 126.72378387474733
37.36502871388555,  126.72377845256187
37.36502808366757,  126.72377159811165
37.3650275881283,   126.72376620344772
37.36502699331961,  126.72375939366904
37.365026279645456, 126.7237542361575
37.36502494579942,  126.72374869872394
37.36502297290293,  126.72374345600134
37.3650206968123,   126.723738383873
37.36501851892797,  126.72373321479577
37.36501612555665,  126.72372713486098
37.365014458752825, 126.72372288441979
37.36501234427686,  126.723717634047
37.36501021456315,  126.72371262964012
37.36500751974105,  126.72370787326035
37.36500477835385,  126.72370308564047
37.36500225390429,  126.72369841473356
37.3649995214992,   126.72369419538082
37.36499653202968,  126.72368987857534
37.364994122348655, 126.7236863332652
37.364990617319386, 126.7236816740362
37.36498794231593,  126.72367810409791
37.36498452296802,  126.72367386683132
37.36498174352192,  126.72367075384686
37.364978472592746, 126.72366700982407
37.364975176684716, 126.72366358075983
37.36497180115957,  126.72366031785835
37.36496837509451,  126.72365690655442
37.364964958611985, 126.72365385744703
37.36496142659682,  126.72365093906366
37.36495786055253,  126.72364795667184
37.36495330094564,  126.72364405459426
37.364950454100025, 126.72364208330868
37.36494667333458,  126.72363973314347
37.36494290293527,  126.72363742142907
37.364939090690235, 126.72363550744845
37.3649352251499,   126.72363360369303
37.36493132620993,  126.72363161148883
37.364927388319835, 126.72362956037801
37.36492341299166,  126.72362750032033
37.36491941995011,  126.723625459448
37.36491544959103,  126.72362347534703
37.364911691444114, 126.72362154999858
37.36490758713366,  126.72361957584741
37.36490342683068,  126.7236180538684
37.36489932593077,  126.7236165032178
37.36489528994266,  126.72361487790155
37.36489203288963,  126.72361389836534
37.36488787373542,  126.72361313233426
37.364883717217786, 126.72361238896508
37.36487944288101,  126.7236115292474
37.364875216003306, 126.72361057402831
37.36487101639674,  126.72360965679202
37.364866807608905, 126.72360918398127
37.364862678443615, 126.72360877203522
37.36485768076344,  126.72360833564564
37.364854912871046, 126.72360840435987
37.364850126063025, 126.72360902833542
37.36484591501684,  126.72360958800414
37.36484173932482,  126.72360997341583
37.36483833297615,  126.72361044622333
37.3648343926382,   126.7236116387348
37.3648304880448,   126.72361318787006
37.364826506717364, 126.72361467618244
37.3648224764817,   126.72361599192315
37.364818224367966, 126.7236178645583
37.364814553960386, 126.7236201137104
37.36481139533285,  126.72362198232443
37.364807639653655, 126.72362405220792
37.36480411071941,  126.72362624643193
37.36480088153161,  126.72362883547223
37.36479765045305,  126.72363195119782
37.36479474016407,  126.72363477278688
37.36479105088422,  126.72363788078236
37.36478807715127,  126.72364041407657
37.364783847463656, 126.72364422982277
37.36478091518986,  126.72364681664958
37.3647781429166,   126.72364947160243
37.36477458551947,  126.72365316210723
37.36477112087342,  126.72365660619916
37.36476822632073,  126.72365973444938
37.36476572723037,  126.72366338646293
37.364763217377345, 126.72366734723238
37.364760567556075, 126.72367126257122
37.36475770598734,  126.72367513615637
37.36475507018987,  126.72367902281626
37.36475230626454,  126.72368364322814
37.36475041952928,  126.7236867318422
37.36474786477916,  126.72369084979756
37.36474533487475,  126.72369487620827
37.36474338289817,  126.72369797954256
37.36474076989263,  126.72370215723132
37.36473815594781,  126.72370636113527
37.36473583933926,  126.72371009196337
37.36473279544047,  126.72371498386872
37.36473046198729,  126.72371872545622
37.364727364666656, 126.72372368887956
37.36472501348097,  126.7237274593862
37.36472223617368,  126.7237319169602
37.3647194724972,   126.72373635400777
37.364716642308174, 126.7237408968661
37.364713345546505, 126.72374618633206
37.36471050057945,  126.72375075087024
37.36470762093336,  126.72375537119927
37.364705309681675, 126.72375908037003
37.36470241144198,  126.72376373132387
37.36469949279326,  126.72376841502502
37.3646965620069,   126.72377311825919
37.36469360053343,  126.72377787035833
37.3646906844133,   126.72378254971797
37.36468769166474,  126.72378735229309
37.3646846884467,   126.7237921717665
37.36468168482442,  126.7237969916825
37.36467869051098,  126.72380179693107
37.36467567078237,  126.72380664274485
37.364672629309354, 126.72381152337061
37.36466960491192,  126.72381637668984
37.3646665895559,   126.7238212157374
37.36466354155112,  126.72382610711173
37.364660652545645, 126.72383074322335
37.364657023993225, 126.72383656632118
37.364654736012106, 126.72384023795806
37.36465139903805,  126.72384554603119
37.36464863019032,  126.72384999683705
37.364645279390956, 126.72385540107362
37.36464257619895,  126.72385971051726
37.36463925276287,  126.72386517004733
37.364636606294255, 126.72386949556427
37.364633607826434, 126.72387441731003
37.364630452703615, 126.72387946077014
37.364626861192065, 126.72388533124162
37.3646241155391,   126.72388991193438
37.3646211748201,   126.72389479769195
37.36461824988059,  126.72389971738586
37.364615333654456, 126.72390463255208
37.36461242113835,  126.723909569012
37.36460949064694,  126.72391454499386
37.36460654282597,  126.7239195351094
37.36460358710772,  126.72392452395577
37.36460063301184,  126.72392950779954
37.36459841331179,  126.7239332567038
37.36459546926946,  126.72393823421315
37.36459241776031,  126.72394339558731
37.36458947522344,  126.72394837096144
37.36458652351966,  126.72395335946885
37.36458357742408,  126.72395833751246
37.364580643465764, 126.72396329602236
37.36457765964717,  126.72396833961758
37.36457470453206,  126.72397333490248
37.36457173347056,  126.72397835724358
37.36456877880908,  126.72398335111419
37.36456585018825,  126.72398830121277
37.364562931021524, 126.72399323526135
37.36456018882374,  126.72399787064943
37.36455772003714,  126.72400204372238
37.36455478629343,  126.72400700276074
37.364551827314074, 126.72401200455539
37.364548874494055, 126.72401702272424
37.3645458847925,   126.7240220715753
37.36454295271919,  126.72402702099993
37.36453999115221,  126.7240320009266
37.364537060418854, 126.72403693069123
37.36453433963368,  126.72404151591915
37.364530789294584, 126.72404751117782
37.36452774304554,  126.72405265674941
37.36452553755424,  126.72405637963296
37.36452235259981,  126.72406174894866
37.36451964390253,  126.7240662835459
37.36451641565986,  126.72407174362691
37.36451375248789,  126.72407626084693
37.36451056288499,  126.72408167268306
37.36450787926808,  126.72408622079894
37.36450466400192,  126.72409166390385
37.36450199798974,  126.72409617649203
37.364498406920944, 126.72410225804106
37.36449560645143,  126.7241070025359
37.3644927196585,   126.7241118934576
37.36448975760902,  126.72411691101449
37.3644867868595,   126.72412194274574
37.36448389018091,  126.72412684877597
37.364480926157874, 126.72413186921244
37.36447793525623,  126.72413686313234
37.36447517894636,  126.72414176222789
37.36447291435186,  126.72414694563413
37.36447128823582,  126.72415237245696
37.36446936544123,  126.72415909595236
37.3644681721977,   126.72416287552535
37.36446685370623,  126.7241675886082
37.36446591751836,  126.724173095648
37.36446547134801,  126.72417873809002
37.364465003692004, 126.72418445022363
37.36446436737868,  126.72419013028342
37.364463856735235, 126.72419562737143
37.36446388123204,  126.72420116083546
37.36446454112663,  126.7242065383933
37.36446572148963,  126.72421172949194
37.364467376068575, 126.72421673160962
37.36446910877416,  126.72422183477971
37.36447058091181,  126.72422670669464
37.364471996822466, 126.72423087937518
37.36447408373194,  126.72423543470774
37.36447667356001,  126.72423955981431
37.3644796618837,   126.72424328416652
37.36448289931006,  126.72424657812327
37.36448640077202,  126.7242494155632
37.364490024634044, 126.72425229125587
37.36449357912359,  126.72425527779866
37.36449696817424,  126.72425816370956
37.364501316695545, 126.72426105934994
37.364504259360054, 126.72426246542094
37.364508581157416, 126.72426453357514
37.3645120887148,   126.72426636614205
37.364516351360315, 126.724268452817
37.36451995126963,  126.72427019139137
37.364524374089555, 126.72427229273798
37.36452805920041,  126.72427402841521
37.36453254820616,  126.72427614804876
37.3645363368119,   126.724277947122
37.364541391155974, 126.72428035567029
37.36454538241865,  126.72428225825723
37.36454969390015,  126.72428431022917
37.364553987476356, 126.7242863499934
37.36455829233112,  126.72428839525317
37.364562673947056, 126.72429044561807
37.364566906682484, 126.72429250546179
37.36457012144508,  126.72429454177374
37.36457399241411,  126.72429737455779
37.364577857558096, 126.72430016905591
37.36458146326381,  126.72430321422667
37.36458485242204,  126.7243066826295
37.36458868569522,  126.72431062177266
37.36459121540536,  126.72431353664831
37.36459441239104,  126.72431723368553
37.36459752358632,  126.7243208833962
37.36460027107363,  126.72432483372651
37.3646029895329,   126.72432898697947
37.364605742268495, 126.72433306709651
37.36460817654269,  126.72433729451211
37.36461066563608,  126.7243415783742
37.364613218297585, 126.72434584097704
37.36461563324953,  126.72434977721544
37.36461894720421,  126.72435592360573
37.36462061767221,  126.72435938332042
37.364622840037335, 126.72436400174163
37.36462513282089,  126.72436861902607
37.36462751455921,  126.72437328373599
37.3646299084067,   126.72437800066984
37.36463228575458,  126.72438270877765
37.36463449592801,  126.72438712429577
37.36463658247442,  126.72439130388169
37.364639053646506, 126.7243962427503
37.36464151298197,  126.72440114000433
37.364644422571274, 126.72440692517074
37.36464691888623,  126.7244118933011
37.36464938781455,  126.72441690496403
37.36465145821234,  126.72442070287173
37.36465424263854,  126.7244252954204
37.36465706419558,  126.7244299345485
37.36465981816356,  126.72443465038245
37.364662641154865, 126.72443917472712
37.36466562340323,  126.72444342498127
37.36466868453918,  126.72444775867099
37.36467173518337,  126.7244521741897
37.3646746233975,   126.72445644892913
37.364678315903575, 126.72446164445107
37.364680738749215, 126.72446474255716
37.36468430544756,  126.72446929594699
37.36468728552135,  126.72447317609655
37.36469080398604,  126.7244777794423
37.36469387270576,  126.72448113909448
37.364697777938346, 126.72448516280117
37.364700978867965, 126.72448852205588
37.36470490368262,  126.72449275583142
37.36470806849737,  126.72449626240359
37.36471246135569,  126.72450054018461
37.364715698710114, 126.7245035610734
37.364719074106645, 126.724506743464
37.36472283231473,  126.72451035695025
37.364726614353984, 126.72451403154511
37.36473036117221,  126.72451766055869
37.36473423350277,  126.72452138236704
37.364738046102644, 126.72452503189842
37.3647419364624,   126.72452875986033
37.36474581936888,  126.7245324917519
37.36474968564708,  126.72453621348619
37.364754418376506, 126.72454076692974
37.364757441672815, 126.72454367248456
37.364761411089425, 126.72454748555843
37.364765314697394, 126.72455123564845
37.364769277321614, 126.72455504412592
37.364773186898255, 126.72455880247828
37.36477706225414,  126.724562527925
37.36478097831418,  126.72456629181069
37.364784919969516, 126.72457007986155
37.36478883509317,  126.7245738424411
37.36479356377104,  126.7245783872898
37.36479629288898,  126.72458101038191
37.36479974398231,  126.72458432754406
37.36480416756315,  126.72458857899518
37.36480759817882,  126.72459187623184
37.3648115300841,   126.7245956551904
37.36481546764828,  126.72459943970685
37.36481942608577,  126.72460324418097
37.36482337203671,  126.72460703667137
37.364827373084914, 126.72461088219767
37.36483129933064,  126.72461465560075
37.36483526585763,  126.72461846780016
37.36483901658961,  126.72462207258597
37.36484296780867,  126.72462587000152
37.36484692346336,  126.72462967193509
37.364850876698355, 126.72463347140098
37.364854193743795, 126.72463665961446
37.364858826292064, 126.72464111214518
37.364862058504144, 126.7246442188046
37.3648660171539,   126.72464802366456
37.36486995366511,  126.7246518071414
37.36487389725239,  126.72465559746851
37.36487783227415,  126.72465937948364
37.36488167500355,  126.72466307284768
37.36488635274993,  126.7246675687238
37.36488963656716,  126.72467072473633
37.36489360140936,  126.72467453522653
37.364897577197944, 126.7246783562834
37.364901524279915, 126.72468214960875
37.364905457756855, 126.72468592999351
37.36490939834088,  126.72468971705531
37.364913325897575, 126.72469349171895
37.3649172628006,   126.72469727553319
37.364921216169385, 126.72470107491587
37.36492500104849,  126.72470471248889
37.36492909084299,  126.72470864299386
37.364932670122414, 126.72471208309602
37.36493663305114,  126.72471589158087
37.36494056335721,  126.72471966892071
37.36494450546629,  126.72472345757659
37.364948430987845, 126.72472723015163
37.36495235673921,  126.72473100306466
37.36495632110752,  126.7247348131447
37.364960253862805, 126.7247385927383
37.36496504231988,  126.72474319485178
37.36496874896709,  126.72474675722141
37.36497267664404,  126.7247505319734
37.36497659023884,  126.72475429311005
37.36498052465958,  126.72475807442126
37.36498349975356,  126.7247609335759
37.36498745371698,  126.72476473359322
37.36499139367632,  126.72476852025125
37.36499532277228,  126.72477229642703
37.36499875733613,  126.72477559722189
37.36500321542749,  126.72477988180783
37.36500664488045,  126.72478317784766
37.36501105992207,  126.72478742092234
37.36501449413532,  126.72479072138458
37.36501844862488,  126.72479452199208
37.36502240640693,  126.7247983257739
37.36502628582883,  126.72480205387853
37.36503026378692,  126.72480587712276
37.3650342414601,   126.72480969985914
37.36503817934526,  126.7248134844309
37.36504210521354,  126.72481725730616
37.36504605189029,  126.72482105039961
37.365050015556356, 126.7248248598641
37.36505374664711,  126.724828445623
37.36505769325424,  126.72483223863355
37.365061610226874, 126.72483600303605
37.365065566254984, 126.72483980506615
37.36506952182725,  126.72484360663663
37.36507280406015,  126.72484676094616
37.36507741780447,  126.72485119516207
37.36508070364666,  126.72485435298118
37.3650853109798,   126.72485878097409
37.365088577804,    126.72486192063243
37.36509253155336,  126.72486572040819
37.36509669566648,  126.72486972229379
37.365101106398825, 126.7248739613307
37.36510442390468,  126.72487714968027
37.36510834578058,  126.72488091884931
37.36511229444972,  126.7248847136981
37.36511625573038,  126.72488852078618
37.36512018940906,  126.72489230127212
37.36512414690427,  126.7248961045989
37.365128079253964, 126.72489988391979
37.36513201468002,  126.72490366590468
37.36513583193114,  126.72490733465087
37.36513991986619,  126.72491126355379
37.365143525078764, 126.72491467511057
37.36514756528727,  126.72491880358331
37.36515061427574,  126.724922598048
37.36515395935164,  126.72492688681214
37.36515738117373,  126.72493114061042
37.365160846692575, 126.72493533201418
37.36516437828462,  126.72493958766584
37.36516787461693,  126.72494385110211
37.365171387694275, 126.72494818079326
37.36517567510234,  126.72495347161491
37.365179037514196, 126.72495760015025
37.365182578559384, 126.72496193261581
37.365186098682145, 126.72496623900967
37.365189675434245, 126.72497062268583
37.36519319216903,  126.72497493883074
37.365196708844856, 126.72497925549472
37.3652002229209,   126.72498356569079
37.36520285709041,  126.72498679502048
37.3652065077142,   126.72499126235105
37.36520998621327,  126.72499555984012
37.36521330468171,  126.72499997027235
37.36521666968821,  126.7250044659584
37.365220028440845, 126.7250089046352
37.36522344282228,  126.72501330786424
37.36522649678358,  126.72501762886087
37.365229026831166, 126.7250214214359
37.36523262450259,  126.72502680296179
37.365235798449554, 126.72503146731674
37.3652385286851,   126.72503544060244
37.3652417492637,   126.72504013077052
37.36524494955103,  126.72504482051822
37.36524812542068,  126.72504949549825
37.36525177346046,  126.72505486482375
37.36525504042447,  126.72505966092581
37.3652577630948,   126.72506365201511
37.36526099114626,  126.72506838399737
37.36526395961415,  126.72507273928119
37.365267481589214, 126.72507791032666
37.36527041778542,  126.7250822214474
37.365273900813186, 126.72508733371504
37.36527683483496,  126.72509163904448
37.36528034578383,  126.72509679095656
37.36528393202492,  126.7251020538722
37.3652869545728,   126.72510648979119
37.36529019428069,  126.72511124520032
37.36529341281603,  126.72511596868755
37.36529663615973,  126.72512069909362
37.36529985150642,  126.72512541768168
37.365303070178676, 126.72513014116598
37.36530630342703,  126.72513488609057
37.36530925952938,  126.72513922418004
37.36531207384755,  126.72514335455581
37.365315312691315, 126.72514810801292
37.365318548777104, 126.72515285750504
37.36532180565861,  126.72515766580777
37.3653250438914,   126.72516230893599
37.3653283214373,   126.72516688695943
37.365331635914785, 126.72517152623496
37.365334910180515, 126.72517614105497
37.36533811175159,  126.72518071913468
37.365341498475935, 126.72518504318725
37.36534492321658,  126.72518927047372
37.36534830062139,  126.72519355328785
37.365351622267795, 126.72519743248584
37.365354550369915, 126.72520071574918
37.36535822139193,  126.72520478571026
37.3653622619977,   126.72520884244125
37.36536534312461,  126.72521196714673
37.3653691194771,   126.72521530800412
37.36537300544884,  126.72521844992112
37.36537682195403,  126.72522146558416
37.36538074989031,  126.7252240584536
37.365384733268264, 126.72522667402713
37.36538867370313,  126.72522906244782
37.365392702466636, 126.72523122457471
37.365396414607595, 126.72523325085643
37.365401392017844, 126.72523558555986
37.36540562986302,  126.72523759734189
37.36540864934889,  126.72523885858008
37.365413489076666, 126.72524044119679
37.36541763817111,  126.7252417997701
37.36542140776535,  126.72524266337355
37.365425058204906, 126.72524340902875
37.36542974547869,  126.72524431873896
37.3654332862003,   126.72524462217854
37.36543799957103,  126.72524422965765
37.3654421619449,   126.72524383784263
37.365446216566255, 126.72524345970538
37.36544939534873,  126.72524285157527
37.36545322057928,  126.7252414754262
37.365457165000095, 126.72523993321188
37.36546092439141,  126.72523836204283
37.365464679090124, 126.72523661132175
37.36546847146646,  126.72523491416305
37.365472085861946, 126.7252329076146
37.365475688516334, 126.72523084473868
37.36547918609924,  126.72522864186702
37.365482565069776, 126.72522615985743
37.36548589860298,  126.7252237427072
37.36549006334804,  126.72522087998799
37.36549252436192,  126.72521892705454
37.36549594304741,  126.72521571120078
37.36549882605967,  126.72521303871983
37.36550216488211,  126.72520974947213
37.36550488373602,  126.72520684634874
37.36550820929209,  126.72520339650046
37.3655107584685,   126.72520041184204
37.36551359037938,  126.7251969274577
37.36551629704139,  126.72519343720823
37.365519805014706, 126.72518840130208
37.36552186823895,  126.725185499632
37.36552454551304,  126.72518181136579
37.36552730554761,  126.7251780326478
37.36552941989331,  126.72517516500999
37.36553204261606,  126.7251713466785
37.36553470489844,  126.72516728310941
37.36553734500517,  126.72516329627392
37.365540072409516, 126.72515932256545
37.36554258042082,  126.72515528493257
37.365545029057635, 126.72515112384127
37.365547531652375, 126.72514690478253
37.365550074468466, 126.72514271069599
37.36555250018503,  126.72513870914347
37.365554417945006, 126.72513513702212
37.36555673242984,  126.72513072181175
37.365559100515924, 126.72512626940508
37.3655615140174,   126.72512181889978
37.3655639623955,   126.72511733357271
37.36556643701006,  126.72511272530241
37.365568955463864, 126.72510821925123
37.36557170832015,  126.72510336731978
37.365574804370034, 126.725097888239
37.365577251448705, 126.7250935355234
37.36557924246876,  126.72508999030308
37.36558186579726,  126.72508532464714
37.365584525537,    126.72508060387949
37.36558720517 ,    126.72507619853 
37.36558988481 ,    126.72507179319 
37.36559256445 ,    126.72506738785 
37.36559524409 ,    126.72506298250 
37.36559792372 ,    126.72505857716 
37.36560060336 ,    126.72505417181 
37.36560328300 ,    126.72504976647